0.96182390018955,0.002449141134646868,"{'colsample_bytree': 0.3, 'gamma': 0.1, 'learning_rate': 0.01, 'max_depth': 3, 'min_child_weight': 1}"
0.9617525531575865,0.0024552105331930125,"{'colsample_bytree': 0.3, 'gamma': 0.1, 'learning_rate': 0.01, 'max_depth': 3, 'min_child_weight': 3}"
0.9620379718343729,0.002449141990763514,"{'colsample_bytree': 0.3, 'gamma': 0.1, 'learning_rate': 0.01, 'max_depth': 3, 'min_child_weight': 6}"
0.9621093341408026,0.0021899908336695745,"{'colsample_bytree': 0.3, 'gamma': 0.1, 'learning_rate': 0.01, 'max_depth': 3, 'min_child_weight': 9}"
0.9629655596222295,0.0015547447672234157,"{'colsample_bytree': 0.3, 'gamma': 0.1, 'learning_rate': 0.01, 'max_depth': 4, 'min_child_weight': 1}"
0.9626801256709768,0.0013249862703705736,"{'colsample_bytree': 0.3, 'gamma': 0.1, 'learning_rate': 0.01, 'max_depth': 4, 'min_child_weight': 3}"
0.9628942431391986,0.0016614959557422289,"{'colsample_bytree': 0.3, 'gamma': 0.1, 'learning_rate': 0.01, 'max_depth': 4, 'min_child_weight': 6}"
0.9628942278647322,0.0017600572636007146,"{'colsample_bytree': 0.3, 'gamma': 0.1, 'learning_rate': 0.01, 'max_depth': 4, 'min_child_weight': 9}"
0.9631796465415187,0.001602777848927309,"{'colsample_bytree': 0.3, 'gamma': 0.1, 'learning_rate': 0.01, 'max_depth': 5, 'min_child_weight': 1}"
0.9629655748966958,0.001774672942596939,"{'colsample_bytree': 0.3, 'gamma': 0.1, 'learning_rate': 0.01, 'max_depth': 5, 'min_child_weight': 3}"
0.9628228808327689,0.0014023208152001056,"{'colsample_bytree': 0.3, 'gamma': 0.1, 'learning_rate': 0.01, 'max_depth': 5, 'min_child_weight': 6}"
0.9631797076393838,0.0016013737439467828,"{'colsample_bytree': 0.3, 'gamma': 0.1, 'learning_rate': 0.01, 'max_depth': 5, 'min_child_weight': 9}"
0.9629655748966958,0.0016027819790548114,"{'colsample_bytree': 0.3, 'gamma': 0.1, 'learning_rate': 0.01, 'max_depth': 6, 'min_child_weight': 1}"
0.9631796465415188,0.0014315913514537045,"{'colsample_bytree': 0.3, 'gamma': 0.1, 'learning_rate': 0.01, 'max_depth': 6, 'min_child_weight': 3}"
0.9631796312670525,0.001554738406499399,"{'colsample_bytree': 0.3, 'gamma': 0.1, 'learning_rate': 0.01, 'max_depth': 6, 'min_child_weight': 6}"
0.9631796770904512,0.0019228172034751606,"{'colsample_bytree': 0.3, 'gamma': 0.1, 'learning_rate': 0.01, 'max_depth': 6, 'min_child_weight': 9}"
0.9631796923649175,0.0016671624206424018,"{'colsample_bytree': 0.3, 'gamma': 0.1, 'learning_rate': 0.01, 'max_depth': 8, 'min_child_weight': 1}"
0.9633223864288444,0.0014867971017259274,"{'colsample_bytree': 0.3, 'gamma': 0.1, 'learning_rate': 0.01, 'max_depth': 8, 'min_child_weight': 3}"
0.9634650957672376,0.0017511388079182748,"{'colsample_bytree': 0.3, 'gamma': 0.1, 'learning_rate': 0.01, 'max_depth': 8, 'min_child_weight': 6}"
0.9633937181863418,0.001774665482669215,"{'colsample_bytree': 0.3, 'gamma': 0.1, 'learning_rate': 0.01, 'max_depth': 8, 'min_child_weight': 9}"
0.9647494492638441,0.002027442464469831,"{'colsample_bytree': 0.3, 'gamma': 0.1, 'learning_rate': 0.1, 'max_depth': 3, 'min_child_weight': 1}"
0.9656057205686697,0.002810733481491041,"{'colsample_bytree': 0.3, 'gamma': 0.1, 'learning_rate': 0.1, 'max_depth': 3, 'min_child_weight': 3}"
0.9654630417792088,0.0021155956929256327,"{'colsample_bytree': 0.3, 'gamma': 0.1, 'learning_rate': 0.1, 'max_depth': 3, 'min_child_weight': 6}"
0.9646067399254509,0.0020867810452778143,"{'colsample_bytree': 0.3, 'gamma': 0.1, 'learning_rate': 0.1, 'max_depth': 3, 'min_child_weight': 9}"
0.9656771134240318,0.0017867251599009803,"{'colsample_bytree': 0.3, 'gamma': 0.1, 'learning_rate': 0.1, 'max_depth': 4, 'min_child_weight': 1}"
0.9653203171663495,0.0024792731815405345,"{'colsample_bytree': 0.3, 'gamma': 0.1, 'learning_rate': 0.1, 'max_depth': 4, 'min_child_weight': 3}"
0.9654630723281414,0.0022139329188169406,"{'colsample_bytree': 0.3, 'gamma': 0.1, 'learning_rate': 0.1, 'max_depth': 4, 'min_child_weight': 6}"
0.9653203324408158,0.002691800890210901,"{'colsample_bytree': 0.3, 'gamma': 0.1, 'learning_rate': 0.1, 'max_depth': 4, 'min_child_weight': 9}"
0.9658198838602902,0.0015766684794753724,"{'colsample_bytree': 0.3, 'gamma': 0.1, 'learning_rate': 0.1, 'max_depth': 5, 'min_child_weight': 1}"
0.9664620682458266,0.002136737574992046,"{'colsample_bytree': 0.3, 'gamma': 0.1, 'learning_rate': 0.1, 'max_depth': 5, 'min_child_weight': 3}"
0.9655344804579701,0.001493151784172903,"{'colsample_bytree': 0.3, 'gamma': 0.1, 'learning_rate': 0.1, 'max_depth': 5, 'min_child_weight': 6}"
0.9661766648435064,0.002888370187762731,"{'colsample_bytree': 0.3, 'gamma': 0.1, 'learning_rate': 0.1, 'max_depth': 5, 'min_child_weight': 9}"
0.9658911239709896,0.0018216521362026514,"{'colsample_bytree': 0.3, 'gamma': 0.1, 'learning_rate': 0.1, 'max_depth': 6, 'min_child_weight': 1}"
0.9658912156177873,0.0011908586266677647,"{'colsample_bytree': 0.3, 'gamma': 0.1, 'learning_rate': 0.1, 'max_depth': 6, 'min_child_weight': 3}"
0.9662479966010036,0.002136741689794615,"{'colsample_bytree': 0.3, 'gamma': 0.1, 'learning_rate': 0.1, 'max_depth': 6, 'min_child_weight': 6}"
0.9654629806813437,0.0023750245713174793,"{'colsample_bytree': 0.3, 'gamma': 0.1, 'learning_rate': 0.1, 'max_depth': 6, 'min_child_weight': 9}"
0.9650349137640292,0.0014878438100715547,"{'colsample_bytree': 0.3, 'gamma': 0.1, 'learning_rate': 0.1, 'max_depth': 8, 'min_child_weight': 1}"
0.9652489243109871,0.00222194991229598,"{'colsample_bytree': 0.3, 'gamma': 0.1, 'learning_rate': 0.1, 'max_depth': 8, 'min_child_weight': 3}"
0.9669614974695708,0.0023747531386351006,"{'colsample_bytree': 0.3, 'gamma': 0.1, 'learning_rate': 0.1, 'max_depth': 8, 'min_child_weight': 6}"
0.9656056900197371,0.002625603324388578,"{'colsample_bytree': 0.3, 'gamma': 0.1, 'learning_rate': 0.1, 'max_depth': 8, 'min_child_weight': 9}"
0.9653915725515153,0.002102766973182878,"{'colsample_bytree': 0.3, 'gamma': 0.1, 'learning_rate': 0.2, 'max_depth': 3, 'min_child_weight': 1}"
0.9650347915682991,0.002579147139476356,"{'colsample_bytree': 0.3, 'gamma': 0.1, 'learning_rate': 0.2, 'max_depth': 3, 'min_child_weight': 3}"
0.96653341527779,0.0023284866777801313,"{'colsample_bytree': 0.3, 'gamma': 0.1, 'learning_rate': 0.2, 'max_depth': 3, 'min_child_weight': 6}"
0.9654630265047427,0.00208674747356227,"{'colsample_bytree': 0.3, 'gamma': 0.1, 'learning_rate': 0.2, 'max_depth': 3, 'min_child_weight': 9}"
0.9654630265047426,0.0016164322058192986,"{'colsample_bytree': 0.3, 'gamma': 0.1, 'learning_rate': 0.2, 'max_depth': 4, 'min_child_weight': 1}"
0.9663194352797646,0.001623322918836381,"{'colsample_bytree': 0.3, 'gamma': 0.1, 'learning_rate': 0.2, 'max_depth': 4, 'min_child_weight': 3}"
0.9657484604559953,0.0018263697134684675,"{'colsample_bytree': 0.3, 'gamma': 0.1, 'learning_rate': 0.2, 'max_depth': 4, 'min_child_weight': 6}"
0.9644639694891927,0.0016702696531549093,"{'colsample_bytree': 0.3, 'gamma': 0.1, 'learning_rate': 0.2, 'max_depth': 4, 'min_child_weight': 9}"
0.9656058427643998,0.001585665000985696,"{'colsample_bytree': 0.3, 'gamma': 0.1, 'learning_rate': 0.2, 'max_depth': 5, 'min_child_weight': 1}"
0.9647495103617092,0.0021999406746722404,"{'colsample_bytree': 0.3, 'gamma': 0.1, 'learning_rate': 0.2, 'max_depth': 5, 'min_child_weight': 3}"
0.9658198227624251,0.0018866271200201014,"{'colsample_bytree': 0.3, 'gamma': 0.1, 'learning_rate': 0.2, 'max_depth': 5, 'min_child_weight': 6}"
0.9660339402306469,0.0015076514750759862,"{'colsample_bytree': 0.3, 'gamma': 0.1, 'learning_rate': 0.2, 'max_depth': 5, 'min_child_weight': 9}"
0.9656057663920684,0.002595412410487356,"{'colsample_bytree': 0.3, 'gamma': 0.1, 'learning_rate': 0.2, 'max_depth': 6, 'min_child_weight': 1}"
0.9649634903597345,0.001753158798367426,"{'colsample_bytree': 0.3, 'gamma': 0.1, 'learning_rate': 0.2, 'max_depth': 6, 'min_child_weight': 3}"
0.9658198533113577,0.0005365948624576285,"{'colsample_bytree': 0.3, 'gamma': 0.1, 'learning_rate': 0.2, 'max_depth': 6, 'min_child_weight': 6}"
0.9653916183749139,0.0023296323641541776,"{'colsample_bytree': 0.3, 'gamma': 0.1, 'learning_rate': 0.2, 'max_depth': 6, 'min_child_weight': 9}"
0.9656772508942284,0.0018840373652705964,"{'colsample_bytree': 0.3, 'gamma': 0.1, 'learning_rate': 0.2, 'max_depth': 8, 'min_child_weight': 1}"
0.9663194352797646,0.001964025510469009,"{'colsample_bytree': 0.3, 'gamma': 0.1, 'learning_rate': 0.2, 'max_depth': 8, 'min_child_weight': 3}"
0.9654630265047426,0.0016164322058192986,"{'colsample_bytree': 0.3, 'gamma': 0.1, 'learning_rate': 0.2, 'max_depth': 8, 'min_child_weight': 6}"
0.9656771134240318,0.0017867251599009803,"{'colsample_bytree': 0.3, 'gamma': 0.1, 'learning_rate': 0.2, 'max_depth': 8, 'min_child_weight': 9}"
0.96182390018955,0.002449141134646868,"{'colsample_bytree': 0.3, 'gamma': 0.5, 'learning_rate': 0.01, 'max_depth': 3, 'min_child_weight': 1}"
0.9617525531575865,0.0024552105331930125,"{'colsample_bytree': 0.3, 'gamma': 0.5, 'learning_rate': 0.01, 'max_depth': 3, 'min_child_weight': 3}"
0.9620379718343729,0.002449141990763514,"{'colsample_bytree': 0.3, 'gamma': 0.5, 'learning_rate': 0.01, 'max_depth': 3, 'min_child_weight': 6}"
0.9621093341408026,0.0021899908336695745,"{'colsample_bytree': 0.3, 'gamma': 0.5, 'learning_rate': 0.01, 'max_depth': 3, 'min_child_weight': 9}"
0.9630369219286593,0.00162509512038369,"{'colsample_bytree': 0.3, 'gamma': 0.5, 'learning_rate': 0.01, 'max_depth': 4, 'min_child_weight': 1}"
0.962608763364547,0.001425117769858305,"{'colsample_bytree': 0.3, 'gamma': 0.5, 'learning_rate': 0.01, 'max_depth': 4, 'min_child_weight': 3}"
0.9629656054456284,0.00157321557709358,"{'colsample_bytree': 0.3, 'gamma': 0.5, 'learning_rate': 0.01, 'max_depth': 4, 'min_child_weight': 6}"
0.9628228808327689,0.0017511426797955601,"{'colsample_bytree': 0.3, 'gamma': 0.5, 'learning_rate': 0.01, 'max_depth': 4, 'min_child_weight': 9}"
0.963108284235089,0.0015280735637946046,"{'colsample_bytree': 0.3, 'gamma': 0.5, 'learning_rate': 0.01, 'max_depth': 5, 'min_child_weight': 1}"
0.9629655748966958,0.001774672942596939,"{'colsample_bytree': 0.3, 'gamma': 0.5, 'learning_rate': 0.01, 'max_depth': 5, 'min_child_weight': 3}"
0.9628942278647323,0.001413437142180558,"{'colsample_bytree': 0.3, 'gamma': 0.5, 'learning_rate': 0.01, 'max_depth': 5, 'min_child_weight': 6}"
0.963108345332954,0.001506455318281748,"{'colsample_bytree': 0.3, 'gamma': 0.5, 'learning_rate': 0.01, 'max_depth': 5, 'min_child_weight': 9}"
0.9631082842350889,0.0016985309312747092,"{'colsample_bytree': 0.3, 'gamma': 0.5, 'learning_rate': 0.01, 'max_depth': 6, 'min_child_weight': 1}"
0.9631796465415188,0.0012613967288087596,"{'colsample_bytree': 0.3, 'gamma': 0.5, 'learning_rate': 0.01, 'max_depth': 6, 'min_child_weight': 3}"
0.9631796312670525,0.001554738406499399,"{'colsample_bytree': 0.3, 'gamma': 0.5, 'learning_rate': 0.01, 'max_depth': 6, 'min_child_weight': 6}"
0.9630369677520582,0.0020107571630155288,"{'colsample_bytree': 0.3, 'gamma': 0.5, 'learning_rate': 0.01, 'max_depth': 6, 'min_child_weight': 9}"
0.9632510546713472,0.0017592024538930088,"{'colsample_bytree': 0.3, 'gamma': 0.5, 'learning_rate': 0.01, 'max_depth': 8, 'min_child_weight': 1}"
0.9635364427992011,0.0014134277190706464,"{'colsample_bytree': 0.3, 'gamma': 0.5, 'learning_rate': 0.01, 'max_depth': 8, 'min_child_weight': 3}"
0.9637504838950915,0.0018203867541458213,"{'colsample_bytree': 0.3, 'gamma': 0.5, 'learning_rate': 0.01, 'max_depth': 8, 'min_child_weight': 6}"
0.9634650804927714,0.0016802214456366105,"{'colsample_bytree': 0.3, 'gamma': 0.5, 'learning_rate': 0.01, 'max_depth': 8, 'min_child_weight': 9}"
0.9648921586022373,0.0021280088450604017,"{'colsample_bytree': 0.3, 'gamma': 0.5, 'learning_rate': 0.1, 'max_depth': 3, 'min_child_weight': 1}"
0.9653202560684844,0.002576733251227154,"{'colsample_bytree': 0.3, 'gamma': 0.5, 'learning_rate': 0.1, 'max_depth': 3, 'min_child_weight': 3}"
0.9647494645383103,0.0020496780610696087,"{'colsample_bytree': 0.3, 'gamma': 0.5, 'learning_rate': 0.1, 'max_depth': 3, 'min_child_weight': 6}"
0.964892143327771,0.002273999556503116,"{'colsample_bytree': 0.3, 'gamma': 0.5, 'learning_rate': 0.1, 'max_depth': 3, 'min_child_weight': 9}"
0.9654630570536752,0.002670780111884982,"{'colsample_bytree': 0.3, 'gamma': 0.5, 'learning_rate': 0.1, 'max_depth': 4, 'min_child_weight': 1}"
0.9652489243109871,0.0020725338324383224,"{'colsample_bytree': 0.3, 'gamma': 0.5, 'learning_rate': 0.1, 'max_depth': 4, 'min_child_weight': 3}"
0.9656771439729646,0.0022139294389856195,"{'colsample_bytree': 0.3, 'gamma': 0.5, 'learning_rate': 0.1, 'max_depth': 4, 'min_child_weight': 6}"
0.9653916489238467,0.0029744724073177565,"{'colsample_bytree': 0.3, 'gamma': 0.5, 'learning_rate': 0.1, 'max_depth': 4, 'min_child_weight': 9}"
0.9654630112302763,0.002228587706544928,"{'colsample_bytree': 0.3, 'gamma': 0.5, 'learning_rate': 0.1, 'max_depth': 5, 'min_child_weight': 1}"
0.9661052414392115,0.0025779973612032677,"{'colsample_bytree': 0.3, 'gamma': 0.5, 'learning_rate': 0.1, 'max_depth': 5, 'min_child_weight': 3}"
0.9668188034056439,0.001971396018659714,"{'colsample_bytree': 0.3, 'gamma': 0.5, 'learning_rate': 0.1, 'max_depth': 5, 'min_child_weight': 6}"
0.965391664198313,0.002027414936224042,"{'colsample_bytree': 0.3, 'gamma': 0.5, 'learning_rate': 0.1, 'max_depth': 5, 'min_child_weight': 9}"
0.965962455728487,0.0019490084042846985,"{'colsample_bytree': 0.3, 'gamma': 0.5, 'learning_rate': 0.1, 'max_depth': 6, 'min_child_weight': 1}"
0.9653203782642145,0.001667816857141341,"{'colsample_bytree': 0.3, 'gamma': 0.5, 'learning_rate': 0.1, 'max_depth': 6, 'min_child_weight': 3}"
0.966319343632967,0.0018203144062989667,"{'colsample_bytree': 0.3, 'gamma': 0.5, 'learning_rate': 0.1, 'max_depth': 6, 'min_child_weight': 6}"
0.9656770828750995,0.0023874448569436288,"{'colsample_bytree': 0.3, 'gamma': 0.5, 'learning_rate': 0.1, 'max_depth': 6, 'min_child_weight': 9}"
0.9653203935386808,0.0015732150306046343,"{'colsample_bytree': 0.3, 'gamma': 0.5, 'learning_rate': 0.1, 'max_depth': 8, 'min_child_weight': 1}"
0.9651062607959927,0.0013667681406773506,"{'colsample_bytree': 0.3, 'gamma': 0.5, 'learning_rate': 0.1, 'max_depth': 8, 'min_child_weight': 3}"
0.9667474105502816,0.0022289444742480276,"{'colsample_bytree': 0.3, 'gamma': 0.5, 'learning_rate': 0.1, 'max_depth': 8, 'min_child_weight': 6}"
0.9658197769390263,0.002789069275815768,"{'colsample_bytree': 0.3, 'gamma': 0.5, 'learning_rate': 0.1, 'max_depth': 8, 'min_child_weight': 9}"
0.966461976599029,0.003090613475561821,"{'colsample_bytree': 0.3, 'gamma': 0.5, 'learning_rate': 0.2, 'max_depth': 3, 'min_child_weight': 1}"
0.9657483535347314,0.0027769776016234853,"{'colsample_bytree': 0.3, 'gamma': 0.5, 'learning_rate': 0.2, 'max_depth': 3, 'min_child_weight': 3}"
0.9658198227624251,0.0020496406553701008,"{'colsample_bytree': 0.3, 'gamma': 0.5, 'learning_rate': 0.2, 'max_depth': 3, 'min_child_weight': 6}"
0.9654629959558102,0.0022219390872921423,"{'colsample_bytree': 0.3, 'gamma': 0.5, 'learning_rate': 0.2, 'max_depth': 3, 'min_child_weight': 9}"
0.9652489395854534,0.0020722992865077317,"{'colsample_bytree': 0.3, 'gamma': 0.5, 'learning_rate': 0.2, 'max_depth': 4, 'min_child_weight': 1}"
0.9661766190201075,0.0015252067753858372,"{'colsample_bytree': 0.3, 'gamma': 0.5, 'learning_rate': 0.2, 'max_depth': 4, 'min_child_weight': 3}"
0.9668902115354725,0.001289512463732469,"{'colsample_bytree': 0.3, 'gamma': 0.5, 'learning_rate': 0.2, 'max_depth': 4, 'min_child_weight': 6}"
0.9653202407940181,0.0018443452064011642,"{'colsample_bytree': 0.3, 'gamma': 0.5, 'learning_rate': 0.2, 'max_depth': 4, 'min_child_weight': 9}"
0.9654630570536752,0.0014878290579071723,"{'colsample_bytree': 0.3, 'gamma': 0.5, 'learning_rate': 0.2, 'max_depth': 5, 'min_child_weight': 1}"
0.9659625779242171,0.002119839518588529,"{'colsample_bytree': 0.3, 'gamma': 0.5, 'learning_rate': 0.2, 'max_depth': 5, 'min_child_weight': 3}"
0.9660338638583156,0.0023291934076267494,"{'colsample_bytree': 0.3, 'gamma': 0.5, 'learning_rate': 0.2, 'max_depth': 5, 'min_child_weight': 6}"
0.9656056747452708,0.001753650327026877,"{'colsample_bytree': 0.3, 'gamma': 0.5, 'learning_rate': 0.2, 'max_depth': 5, 'min_child_weight': 9}"
0.9664622057160229,0.00162210252886191,"{'colsample_bytree': 0.3, 'gamma': 0.5, 'learning_rate': 0.2, 'max_depth': 6, 'min_child_weight': 1}"
0.9648922349745686,0.0016678208691544973,"{'colsample_bytree': 0.3, 'gamma': 0.5, 'learning_rate': 0.2, 'max_depth': 6, 'min_child_weight': 3}"
0.9663907364883292,0.0025393377777680956,"{'colsample_bytree': 0.3, 'gamma': 0.5, 'learning_rate': 0.2, 'max_depth': 6, 'min_child_weight': 6}"
0.9648207199234763,0.0027119826884262296,"{'colsample_bytree': 0.3, 'gamma': 0.5, 'learning_rate': 0.2, 'max_depth': 6, 'min_child_weight': 9}"
0.9663194505542311,0.0012630205766065565,"{'colsample_bytree': 0.3, 'gamma': 0.5, 'learning_rate': 0.2, 'max_depth': 8, 'min_child_weight': 1}"
0.9654631334260065,0.0011631257964359167,"{'colsample_bytree': 0.3, 'gamma': 0.5, 'learning_rate': 0.2, 'max_depth': 8, 'min_child_weight': 3}"
0.965320347715282,0.001722501752236722,"{'colsample_bytree': 0.3, 'gamma': 0.5, 'learning_rate': 0.2, 'max_depth': 8, 'min_child_weight': 6}"
0.9648209032170714,0.002099872975284105,"{'colsample_bytree': 0.3, 'gamma': 0.5, 'learning_rate': 0.2, 'max_depth': 8, 'min_child_weight': 9}"
0.96182390018955,0.002449141134646868,"{'colsample_bytree': 0.3, 'gamma': 1.0, 'learning_rate': 0.01, 'max_depth': 3, 'min_child_weight': 1}"
0.9617525531575865,0.0024552105331930125,"{'colsample_bytree': 0.3, 'gamma': 1.0, 'learning_rate': 0.01, 'max_depth': 3, 'min_child_weight': 3}"
0.9619666095279431,0.002360277085643577,"{'colsample_bytree': 0.3, 'gamma': 1.0, 'learning_rate': 0.01, 'max_depth': 3, 'min_child_weight': 6}"
0.9620379871088391,0.002199093825444089,"{'colsample_bytree': 0.3, 'gamma': 1.0, 'learning_rate': 0.01, 'max_depth': 3, 'min_child_weight': 9}"
0.9629655596222295,0.0015547447672234157,"{'colsample_bytree': 0.3, 'gamma': 1.0, 'learning_rate': 0.01, 'max_depth': 4, 'min_child_weight': 1}"
0.962608763364547,0.001425117769858305,"{'colsample_bytree': 0.3, 'gamma': 1.0, 'learning_rate': 0.01, 'max_depth': 4, 'min_child_weight': 3}"
0.9628942431391986,0.0014867986759540817,"{'colsample_bytree': 0.3, 'gamma': 1.0, 'learning_rate': 0.01, 'max_depth': 4, 'min_child_weight': 6}"
0.9628228808327689,0.0017511426797955601,"{'colsample_bytree': 0.3, 'gamma': 1.0, 'learning_rate': 0.01, 'max_depth': 4, 'min_child_weight': 9}"
0.9632509935734822,0.0016250897057617291,"{'colsample_bytree': 0.3, 'gamma': 1.0, 'learning_rate': 0.01, 'max_depth': 5, 'min_child_weight': 1}"
0.9629655748966958,0.0016027819790548114,"{'colsample_bytree': 0.3, 'gamma': 1.0, 'learning_rate': 0.01, 'max_depth': 5, 'min_child_weight': 3}"
0.9628228808327689,0.0014023208152001056,"{'colsample_bytree': 0.3, 'gamma': 1.0, 'learning_rate': 0.01, 'max_depth': 5, 'min_child_weight': 6}"
0.9631796923649175,0.001493128269330238,"{'colsample_bytree': 0.3, 'gamma': 1.0, 'learning_rate': 0.01, 'max_depth': 5, 'min_child_weight': 9}"
0.963108284235089,0.0013587204471805993,"{'colsample_bytree': 0.3, 'gamma': 1.0, 'learning_rate': 0.01, 'max_depth': 6, 'min_child_weight': 1}"
0.9631082995095553,0.0012407512178389077,"{'colsample_bytree': 0.3, 'gamma': 1.0, 'learning_rate': 0.01, 'max_depth': 6, 'min_child_weight': 3}"
0.9629655596222295,0.0017225648897320857,"{'colsample_bytree': 0.3, 'gamma': 1.0, 'learning_rate': 0.01, 'max_depth': 6, 'min_child_weight': 6}"
0.9631083147840215,0.0018362123851556106,"{'colsample_bytree': 0.3, 'gamma': 1.0, 'learning_rate': 0.01, 'max_depth': 6, 'min_child_weight': 9}"
0.9632510546713472,0.0017592024538930088,"{'colsample_bytree': 0.3, 'gamma': 1.0, 'learning_rate': 0.01, 'max_depth': 8, 'min_child_weight': 1}"
0.9632510241224147,0.0015766856576362974,"{'colsample_bytree': 0.3, 'gamma': 1.0, 'learning_rate': 0.01, 'max_depth': 8, 'min_child_weight': 3}"
0.9634650804927714,0.0016802214456366105,"{'colsample_bytree': 0.3, 'gamma': 1.0, 'learning_rate': 0.01, 'max_depth': 8, 'min_child_weight': 6}"
0.9633937181863418,0.001774665482669215,"{'colsample_bytree': 0.3, 'gamma': 1.0, 'learning_rate': 0.01, 'max_depth': 8, 'min_child_weight': 9}"
0.9652489548599198,0.00257802453356913,"{'colsample_bytree': 0.3, 'gamma': 1.0, 'learning_rate': 0.1, 'max_depth': 3, 'min_child_weight': 1}"
0.9650348221172317,0.002530946533424311,"{'colsample_bytree': 0.3, 'gamma': 1.0, 'learning_rate': 0.1, 'max_depth': 3, 'min_child_weight': 3}"
0.9649634750852681,0.0024758991242069327,"{'colsample_bytree': 0.3, 'gamma': 1.0, 'learning_rate': 0.1, 'max_depth': 3, 'min_child_weight': 6}"
0.9650348832150968,0.002248857697655923,"{'colsample_bytree': 0.3, 'gamma': 1.0, 'learning_rate': 0.1, 'max_depth': 3, 'min_child_weight': 9}"
0.9658198380368915,0.0022552485294547553,"{'colsample_bytree': 0.3, 'gamma': 1.0, 'learning_rate': 0.1, 'max_depth': 4, 'min_child_weight': 1}"
0.9647495103617091,0.0018531560185480658,"{'colsample_bytree': 0.3, 'gamma': 1.0, 'learning_rate': 0.1, 'max_depth': 4, 'min_child_weight': 3}"
0.9653916794727792,0.002049655617048849,"{'colsample_bytree': 0.3, 'gamma': 1.0, 'learning_rate': 0.1, 'max_depth': 4, 'min_child_weight': 6}"
0.9651776078279563,0.0025480932609726775,"{'colsample_bytree': 0.3, 'gamma': 1.0, 'learning_rate': 0.1, 'max_depth': 4, 'min_child_weight': 9}"
0.9651775620045574,0.0023228713716893,"{'colsample_bytree': 0.3, 'gamma': 1.0, 'learning_rate': 0.1, 'max_depth': 5, 'min_child_weight': 1}"
0.9664620071479614,0.0024877582807517427,"{'colsample_bytree': 0.3, 'gamma': 1.0, 'learning_rate': 0.1, 'max_depth': 5, 'min_child_weight': 3}"
0.9663193283585008,0.002450184651982697,"{'colsample_bytree': 0.3, 'gamma': 1.0, 'learning_rate': 0.1, 'max_depth': 5, 'min_child_weight': 6}"
0.9659625321008183,0.001986631052544006,"{'colsample_bytree': 0.3, 'gamma': 1.0, 'learning_rate': 0.1, 'max_depth': 5, 'min_child_weight': 9}"
0.9664620071479616,0.0026483842292315276,"{'colsample_bytree': 0.3, 'gamma': 1.0, 'learning_rate': 0.1, 'max_depth': 6, 'min_child_weight': 1}"
0.9663906753904642,0.002149152775145876,"{'colsample_bytree': 0.3, 'gamma': 1.0, 'learning_rate': 0.1, 'max_depth': 6, 'min_child_weight': 3}"
0.9664620682458266,0.002136737574992046,"{'colsample_bytree': 0.3, 'gamma': 1.0, 'learning_rate': 0.1, 'max_depth': 6, 'min_child_weight': 6}"
0.9658197922134925,0.0018708797114846173,"{'colsample_bytree': 0.3, 'gamma': 1.0, 'learning_rate': 0.1, 'max_depth': 6, 'min_child_weight': 9}"
0.9663192978095682,0.00191914227172114,"{'colsample_bytree': 0.3, 'gamma': 1.0, 'learning_rate': 0.1, 'max_depth': 8, 'min_child_weight': 1}"
0.965391725296178,0.0016801918410754538,"{'colsample_bytree': 0.3, 'gamma': 1.0, 'learning_rate': 0.1, 'max_depth': 8, 'min_child_weight': 3}"
0.9653916794727792,0.0017259401036960973,"{'colsample_bytree': 0.3, 'gamma': 1.0, 'learning_rate': 0.1, 'max_depth': 8, 'min_child_weight': 6}"
0.9652489548599196,0.0022488499097638925,"{'colsample_bytree': 0.3, 'gamma': 1.0, 'learning_rate': 0.1, 'max_depth': 8, 'min_child_weight': 9}"
0.9654629806813437,0.0020874414631458548,"{'colsample_bytree': 0.3, 'gamma': 1.0, 'learning_rate': 0.2, 'max_depth': 3, 'min_child_weight': 1}"
0.9651775467300912,0.002778291602226754,"{'colsample_bytree': 0.3, 'gamma': 1.0, 'learning_rate': 0.2, 'max_depth': 3, 'min_child_weight': 3}"
0.9661766037456413,0.0018263517299712797,"{'colsample_bytree': 0.3, 'gamma': 1.0, 'learning_rate': 0.2, 'max_depth': 3, 'min_child_weight': 6}"
0.9651775620045574,0.0024756943982620063,"{'colsample_bytree': 0.3, 'gamma': 1.0, 'learning_rate': 0.2, 'max_depth': 3, 'min_child_weight': 9}"
0.965106276070459,0.0010647552278623535,"{'colsample_bytree': 0.3, 'gamma': 1.0, 'learning_rate': 0.2, 'max_depth': 4, 'min_child_weight': 1}"
0.9668188186801102,0.0023134656496224663,"{'colsample_bytree': 0.3, 'gamma': 1.0, 'learning_rate': 0.2, 'max_depth': 4, 'min_child_weight': 3}"
0.9652489243109872,0.0017875680323678142,"{'colsample_bytree': 0.3, 'gamma': 1.0, 'learning_rate': 0.2, 'max_depth': 4, 'min_child_weight': 6}"
0.9651061844236614,0.0016702166612359197,"{'colsample_bytree': 0.3, 'gamma': 1.0, 'learning_rate': 0.2, 'max_depth': 4, 'min_child_weight': 9}"
0.9663193589074334,0.0010254012799197456,"{'colsample_bytree': 0.3, 'gamma': 1.0, 'learning_rate': 0.2, 'max_depth': 5, 'min_child_weight': 1}"
0.9656057358431359,0.0014256935070225691,"{'colsample_bytree': 0.3, 'gamma': 1.0, 'learning_rate': 0.2, 'max_depth': 5, 'min_child_weight': 3}"
0.9658911545199224,0.0009660215545073542,"{'colsample_bytree': 0.3, 'gamma': 1.0, 'learning_rate': 0.2, 'max_depth': 5, 'min_child_weight': 6}"
0.9651775009066923,0.0023104911957538615,"{'colsample_bytree': 0.3, 'gamma': 1.0, 'learning_rate': 0.2, 'max_depth': 5, 'min_child_weight': 9}"
0.965320347715282,0.0010647459443586917,"{'colsample_bytree': 0.3, 'gamma': 1.0, 'learning_rate': 0.2, 'max_depth': 6, 'min_child_weight': 1}"
0.9656770981495656,0.0014678167324660625,"{'colsample_bytree': 0.3, 'gamma': 1.0, 'learning_rate': 0.2, 'max_depth': 6, 'min_child_weight': 3}"
0.9653203018918832,0.001971465937810251,"{'colsample_bytree': 0.3, 'gamma': 1.0, 'learning_rate': 0.2, 'max_depth': 6, 'min_child_weight': 6}"
0.9646780411340155,0.0020181852143343784,"{'colsample_bytree': 0.3, 'gamma': 1.0, 'learning_rate': 0.2, 'max_depth': 6, 'min_child_weight': 9}"
0.9653915878259816,0.001838975735395989,"{'colsample_bytree': 0.3, 'gamma': 1.0, 'learning_rate': 0.2, 'max_depth': 8, 'min_child_weight': 1}"
0.965748445181529,0.0016693118812439517,"{'colsample_bytree': 0.3, 'gamma': 1.0, 'learning_rate': 0.2, 'max_depth': 8, 'min_child_weight': 3}"
0.9654630112302764,0.0016261572010576428,"{'colsample_bytree': 0.3, 'gamma': 1.0, 'learning_rate': 0.2, 'max_depth': 8, 'min_child_weight': 6}"
0.9648921891511698,0.0021842278644280014,"{'colsample_bytree': 0.3, 'gamma': 1.0, 'learning_rate': 0.2, 'max_depth': 8, 'min_child_weight': 9}"
0.9618951708491821,0.002982836523050918,"{'colsample_bytree': 0.6, 'gamma': 0.1, 'learning_rate': 0.01, 'max_depth': 3, 'min_child_weight': 1}"
0.9618238238172186,0.0029587152153038947,"{'colsample_bytree': 0.6, 'gamma': 0.1, 'learning_rate': 0.01, 'max_depth': 3, 'min_child_weight': 3}"
0.9617524615107889,0.0030553116098740903,"{'colsample_bytree': 0.6, 'gamma': 0.1, 'learning_rate': 0.01, 'max_depth': 3, 'min_child_weight': 6}"
0.9619665637045444,0.00299942669072963,"{'colsample_bytree': 0.6, 'gamma': 0.1, 'learning_rate': 0.01, 'max_depth': 3, 'min_child_weight': 9}"
0.9626088091879458,0.0027987781162716625,"{'colsample_bytree': 0.6, 'gamma': 0.1, 'learning_rate': 0.01, 'max_depth': 4, 'min_child_weight': 1}"
0.9624660998495527,0.0027099620655784535,"{'colsample_bytree': 0.6, 'gamma': 0.1, 'learning_rate': 0.01, 'max_depth': 4, 'min_child_weight': 3}"
0.9624660845750862,0.002804366786194408,"{'colsample_bytree': 0.6, 'gamma': 0.1, 'learning_rate': 0.01, 'max_depth': 4, 'min_child_weight': 6}"
0.9623947222686565,0.0023736686570955874,"{'colsample_bytree': 0.6, 'gamma': 0.1, 'learning_rate': 0.01, 'max_depth': 4, 'min_child_weight': 9}"
0.9636077898311646,0.003161305144526993,"{'colsample_bytree': 0.6, 'gamma': 0.1, 'learning_rate': 0.01, 'max_depth': 5, 'min_child_weight': 1}"
0.963179661815985,0.0030629499044149554,"{'colsample_bytree': 0.6, 'gamma': 0.1, 'learning_rate': 0.01, 'max_depth': 5, 'min_child_weight': 3}"
0.9633223864288444,0.0030595009768552652,"{'colsample_bytree': 0.6, 'gamma': 0.1, 'learning_rate': 0.01, 'max_depth': 5, 'min_child_weight': 6}"
0.9629655748966957,0.002466331167924108,"{'colsample_bytree': 0.6, 'gamma': 0.1, 'learning_rate': 0.01, 'max_depth': 5, 'min_child_weight': 9}"
0.9635364427992011,0.0029787177222171278,"{'colsample_bytree': 0.6, 'gamma': 0.1, 'learning_rate': 0.01, 'max_depth': 6, 'min_child_weight': 1}"
0.963607866203496,0.0034382535631284255,"{'colsample_bytree': 0.6, 'gamma': 0.1, 'learning_rate': 0.01, 'max_depth': 6, 'min_child_weight': 3}"
0.9631796465415187,0.002292984611441942,"{'colsample_bytree': 0.6, 'gamma': 0.1, 'learning_rate': 0.01, 'max_depth': 6, 'min_child_weight': 6}"
0.9632509935734821,0.0024808861137230603,"{'colsample_bytree': 0.6, 'gamma': 0.1, 'learning_rate': 0.01, 'max_depth': 6, 'min_child_weight': 9}"
0.9643214281699283,0.003078930987131427,"{'colsample_bytree': 0.6, 'gamma': 0.1, 'learning_rate': 0.01, 'max_depth': 8, 'min_child_weight': 1}"
0.9642500353145661,0.002622021045899544,"{'colsample_bytree': 0.6, 'gamma': 0.1, 'learning_rate': 0.01, 'max_depth': 8, 'min_child_weight': 3}"
0.9637505908163555,0.00276494460540834,"{'colsample_bytree': 0.6, 'gamma': 0.1, 'learning_rate': 0.01, 'max_depth': 8, 'min_child_weight': 6}"
0.9634650957672376,0.002973461191936485,"{'colsample_bytree': 0.6, 'gamma': 0.1, 'learning_rate': 0.01, 'max_depth': 8, 'min_child_weight': 9}"
0.9658911086965235,0.002249667714410158,"{'colsample_bytree': 0.6, 'gamma': 0.1, 'learning_rate': 0.1, 'max_depth': 3, 'min_child_weight': 1}"
0.964464000038125,0.002588230954406334,"{'colsample_bytree': 0.6, 'gamma': 0.1, 'learning_rate': 0.1, 'max_depth': 3, 'min_child_weight': 3}"
0.9646067399254509,0.0017698689849752634,"{'colsample_bytree': 0.6, 'gamma': 0.1, 'learning_rate': 0.1, 'max_depth': 3, 'min_child_weight': 6}"
0.9647494339893777,0.0021731609539145124,"{'colsample_bytree': 0.6, 'gamma': 0.1, 'learning_rate': 0.1, 'max_depth': 3, 'min_child_weight': 9}"
0.9656770370517006,0.0019902434500929074,"{'colsample_bytree': 0.6, 'gamma': 0.1, 'learning_rate': 0.1, 'max_depth': 4, 'min_child_weight': 1}"
0.9647494034404452,0.0019198165239312816,"{'colsample_bytree': 0.6, 'gamma': 0.1, 'learning_rate': 0.1, 'max_depth': 4, 'min_child_weight': 3}"
0.965748445181529,0.0015258669885526166,"{'colsample_bytree': 0.6, 'gamma': 0.1, 'learning_rate': 0.1, 'max_depth': 4, 'min_child_weight': 6}"
0.9653916336493804,0.0016265572795357976,"{'colsample_bytree': 0.6, 'gamma': 0.1, 'learning_rate': 0.1, 'max_depth': 4, 'min_child_weight': 9}"
0.9661766342945738,0.0010647088139172285,"{'colsample_bytree': 0.6, 'gamma': 0.1, 'learning_rate': 0.1, 'max_depth': 5, 'min_child_weight': 1}"
0.9650348526661642,0.001415550826396702,"{'colsample_bytree': 0.6, 'gamma': 0.1, 'learning_rate': 0.1, 'max_depth': 5, 'min_child_weight': 3}"
0.9661052567136778,0.0011657621825183712,"{'colsample_bytree': 0.6, 'gamma': 0.1, 'learning_rate': 0.1, 'max_depth': 5, 'min_child_weight': 6}"
0.9648922044256362,0.0009100377677256253,"{'colsample_bytree': 0.6, 'gamma': 0.1, 'learning_rate': 0.1, 'max_depth': 5, 'min_child_weight': 9}"
0.9662480424244024,0.0020107647183325093,"{'colsample_bytree': 0.6, 'gamma': 0.1, 'learning_rate': 0.1, 'max_depth': 6, 'min_child_weight': 1}"
0.9658197158411612,0.002102730620513256,"{'colsample_bytree': 0.6, 'gamma': 0.1, 'learning_rate': 0.1, 'max_depth': 6, 'min_child_weight': 3}"
0.9656057358431358,0.0018706321563339366,"{'colsample_bytree': 0.6, 'gamma': 0.1, 'learning_rate': 0.1, 'max_depth': 6, 'min_child_weight': 6}"
0.9655343582622399,0.0021210176345643527,"{'colsample_bytree': 0.6, 'gamma': 0.1, 'learning_rate': 0.1, 'max_depth': 6, 'min_child_weight': 9}"
0.965034837391698,0.0017002524704489521,"{'colsample_bytree': 0.6, 'gamma': 0.1, 'learning_rate': 0.1, 'max_depth': 8, 'min_child_weight': 1}"
0.9651775467300912,0.0013609751921423766,"{'colsample_bytree': 0.6, 'gamma': 0.1, 'learning_rate': 0.1, 'max_depth': 8, 'min_child_weight': 3}"
0.965748445181529,0.001971445959979746,"{'colsample_bytree': 0.6, 'gamma': 0.1, 'learning_rate': 0.1, 'max_depth': 8, 'min_child_weight': 6}"
0.9652489243109872,0.0015296555937452064,"{'colsample_bytree': 0.6, 'gamma': 0.1, 'learning_rate': 0.1, 'max_depth': 8, 'min_child_weight': 9}"
0.9658197769390263,0.0015096099973201712,"{'colsample_bytree': 0.6, 'gamma': 0.1, 'learning_rate': 0.2, 'max_depth': 3, 'min_child_weight': 1}"
0.9661765426477761,0.0021500365213792056,"{'colsample_bytree': 0.6, 'gamma': 0.1, 'learning_rate': 0.2, 'max_depth': 3, 'min_child_weight': 3}"
0.9657484299070628,0.0019716897394155162,"{'colsample_bytree': 0.6, 'gamma': 0.1, 'learning_rate': 0.2, 'max_depth': 3, 'min_child_weight': 6}"
0.9658911850688549,0.0017867171884086773,"{'colsample_bytree': 0.6, 'gamma': 0.1, 'learning_rate': 0.2, 'max_depth': 3, 'min_child_weight': 9}"
0.9660339096817143,0.0015872813548397865,"{'colsample_bytree': 0.6, 'gamma': 0.1, 'learning_rate': 0.2, 'max_depth': 4, 'min_child_weight': 1}"
0.965605751117602,0.0015682460073112145,"{'colsample_bytree': 0.6, 'gamma': 0.1, 'learning_rate': 0.2, 'max_depth': 4, 'min_child_weight': 3}"
0.9654630723281414,0.002041609077382139,"{'colsample_bytree': 0.6, 'gamma': 0.1, 'learning_rate': 0.2, 'max_depth': 4, 'min_child_weight': 6}"
0.9655342971643748,0.0026124073408444683,"{'colsample_bytree': 0.6, 'gamma': 0.1, 'learning_rate': 0.2, 'max_depth': 4, 'min_child_weight': 9}"
0.9648206741000772,0.0029602571026746995,"{'colsample_bytree': 0.6, 'gamma': 0.1, 'learning_rate': 0.2, 'max_depth': 5, 'min_child_weight': 1}"
0.9657484757304616,0.0026917911171725167,"{'colsample_bytree': 0.6, 'gamma': 0.1, 'learning_rate': 0.2, 'max_depth': 5, 'min_child_weight': 3}"
0.9651776078279563,0.0018866515019807324,"{'colsample_bytree': 0.6, 'gamma': 0.1, 'learning_rate': 0.2, 'max_depth': 5, 'min_child_weight': 6}"
0.9648207962958075,0.0017701410977371426,"{'colsample_bytree': 0.6, 'gamma': 0.1, 'learning_rate': 0.2, 'max_depth': 5, 'min_child_weight': 9}"
0.9658912003433211,0.0016531891746336402,"{'colsample_bytree': 0.6, 'gamma': 0.1, 'learning_rate': 0.2, 'max_depth': 6, 'min_child_weight': 1}"
0.9650348832150967,0.001325658287618682,"{'colsample_bytree': 0.6, 'gamma': 0.1, 'learning_rate': 0.2, 'max_depth': 6, 'min_child_weight': 3}"
0.9662479355031386,0.003139369638256543,"{'colsample_bytree': 0.6, 'gamma': 0.1, 'learning_rate': 0.2, 'max_depth': 6, 'min_child_weight': 6}"
0.9650348373916979,0.0019512874323079383,"{'colsample_bytree': 0.6, 'gamma': 0.1, 'learning_rate': 0.2, 'max_depth': 6, 'min_child_weight': 9}"
0.9657484910049279,0.0010647273784233139,"{'colsample_bytree': 0.6, 'gamma': 0.1, 'learning_rate': 0.2, 'max_depth': 8, 'min_child_weight': 1}"
0.9658911697943887,0.0011921072061998601,"{'colsample_bytree': 0.6, 'gamma': 0.1, 'learning_rate': 0.2, 'max_depth': 8, 'min_child_weight': 3}"
0.9652488937620546,0.001426953600597473,"{'colsample_bytree': 0.6, 'gamma': 0.1, 'learning_rate': 0.2, 'max_depth': 8, 'min_child_weight': 6}"
0.9646781175063469,0.0021842338872098237,"{'colsample_bytree': 0.6, 'gamma': 0.1, 'learning_rate': 0.2, 'max_depth': 8, 'min_child_weight': 9}"
0.9619665331556119,0.0030553065886949533,"{'colsample_bytree': 0.6, 'gamma': 0.5, 'learning_rate': 0.01, 'max_depth': 3, 'min_child_weight': 1}"
0.9618238238172186,0.0029587152153038947,"{'colsample_bytree': 0.6, 'gamma': 0.5, 'learning_rate': 0.01, 'max_depth': 3, 'min_child_weight': 3}"
0.9617524615107889,0.0030553116098740903,"{'colsample_bytree': 0.6, 'gamma': 0.5, 'learning_rate': 0.01, 'max_depth': 3, 'min_child_weight': 6}"
0.9618238390916849,0.0028426500501549674,"{'colsample_bytree': 0.6, 'gamma': 0.5, 'learning_rate': 0.01, 'max_depth': 3, 'min_child_weight': 9}"
0.962537446881516,0.0027138572224443373,"{'colsample_bytree': 0.6, 'gamma': 0.5, 'learning_rate': 0.01, 'max_depth': 4, 'min_child_weight': 1}"
0.9624661151240188,0.00262381660720892,"{'colsample_bytree': 0.6, 'gamma': 0.5, 'learning_rate': 0.01, 'max_depth': 4, 'min_child_weight': 3}"
0.9624660845750862,0.002804366786194408,"{'colsample_bytree': 0.6, 'gamma': 0.5, 'learning_rate': 0.01, 'max_depth': 4, 'min_child_weight': 6}"
0.962537446881516,0.0025393615031338757,"{'colsample_bytree': 0.6, 'gamma': 0.5, 'learning_rate': 0.01, 'max_depth': 4, 'min_child_weight': 9}"
0.9634650652183051,0.002999406152947946,"{'colsample_bytree': 0.6, 'gamma': 0.5, 'learning_rate': 0.01, 'max_depth': 5, 'min_child_weight': 1}"
0.9629656054456284,0.002971623389355998,"{'colsample_bytree': 0.6, 'gamma': 0.5, 'learning_rate': 0.01, 'max_depth': 5, 'min_child_weight': 3}"
0.9632510241224147,0.002973461951859124,"{'colsample_bytree': 0.6, 'gamma': 0.5, 'learning_rate': 0.01, 'max_depth': 5, 'min_child_weight': 6}"
0.9629655901711619,0.0025393588640530013,"{'colsample_bytree': 0.6, 'gamma': 0.5, 'learning_rate': 0.01, 'max_depth': 5, 'min_child_weight': 9}"
0.963750514444024,0.0033275733536237717,"{'colsample_bytree': 0.6, 'gamma': 0.5, 'learning_rate': 0.01, 'max_depth': 6, 'min_child_weight': 1}"
0.963607866203496,0.003265038989470019,"{'colsample_bytree': 0.6, 'gamma': 0.5, 'learning_rate': 0.01, 'max_depth': 6, 'min_child_weight': 3}"
0.9631796770904512,0.0026220211967219052,"{'colsample_bytree': 0.6, 'gamma': 0.5, 'learning_rate': 0.01, 'max_depth': 6, 'min_child_weight': 6}"
0.9633223864288444,0.0025351964126453697,"{'colsample_bytree': 0.6, 'gamma': 0.5, 'learning_rate': 0.01, 'max_depth': 6, 'min_child_weight': 9}"
0.9639646624611785,0.002764948912811665,"{'colsample_bytree': 0.6, 'gamma': 0.5, 'learning_rate': 0.01, 'max_depth': 8, 'min_child_weight': 1}"
0.9642500505890323,0.002888002504931354,"{'colsample_bytree': 0.6, 'gamma': 0.5, 'learning_rate': 0.01, 'max_depth': 8, 'min_child_weight': 3}"
0.9639646319122459,0.0027208031891267125,"{'colsample_bytree': 0.6, 'gamma': 0.5, 'learning_rate': 0.01, 'max_depth': 8, 'min_child_weight': 6}"
0.9633937334608079,0.0028883852490278195,"{'colsample_bytree': 0.6, 'gamma': 0.5, 'learning_rate': 0.01, 'max_depth': 8, 'min_child_weight': 9}"
0.9651775314556249,0.002631616566398216,"{'colsample_bytree': 0.6, 'gamma': 0.5, 'learning_rate': 0.1, 'max_depth': 3, 'min_child_weight': 1}"
0.9649634598108019,0.0027784728551021208,"{'colsample_bytree': 0.6, 'gamma': 0.5, 'learning_rate': 0.1, 'max_depth': 3, 'min_child_weight': 3}"
0.9646067093765183,0.0019274301094317657,"{'colsample_bytree': 0.6, 'gamma': 0.5, 'learning_rate': 0.1, 'max_depth': 3, 'min_child_weight': 6}"
0.9646780716829481,0.002429907663887955,"{'colsample_bytree': 0.6, 'gamma': 0.5, 'learning_rate': 0.1, 'max_depth': 3, 'min_child_weight': 9}"
0.9661766037456413,0.0018263517299712797,"{'colsample_bytree': 0.6, 'gamma': 0.5, 'learning_rate': 0.1, 'max_depth': 4, 'min_child_weight': 1}"
0.9656771134240318,0.0014674810820288727,"{'colsample_bytree': 0.6, 'gamma': 0.5, 'learning_rate': 0.1, 'max_depth': 4, 'min_child_weight': 3}"
0.9651062302470601,0.001525905706258841,"{'colsample_bytree': 0.6, 'gamma': 0.5, 'learning_rate': 0.1, 'max_depth': 4, 'min_child_weight': 6}"
0.9655343888111725,0.0026461889382445257,"{'colsample_bytree': 0.6, 'gamma': 0.5, 'learning_rate': 0.1, 'max_depth': 4, 'min_child_weight': 9}"
0.9660338333093829,0.0019197277260724237,"{'colsample_bytree': 0.6, 'gamma': 0.5, 'learning_rate': 0.1, 'max_depth': 5, 'min_child_weight': 1}"
0.9658911239709899,0.0015887020538200042,"{'colsample_bytree': 0.6, 'gamma': 0.5, 'learning_rate': 0.1, 'max_depth': 5, 'min_child_weight': 3}"
0.9656770828750992,0.0016261444208811664,"{'colsample_bytree': 0.6, 'gamma': 0.5, 'learning_rate': 0.1, 'max_depth': 5, 'min_child_weight': 6}"
0.9658198685858239,0.002026413673938599,"{'colsample_bytree': 0.6, 'gamma': 0.5, 'learning_rate': 0.1, 'max_depth': 5, 'min_child_weight': 9}"
0.9659625626497509,0.0012248633785112684,"{'colsample_bytree': 0.6, 'gamma': 0.5, 'learning_rate': 0.1, 'max_depth': 6, 'min_child_weight': 1}"
0.9657483535347314,0.0022950308899907373,"{'colsample_bytree': 0.6, 'gamma': 0.5, 'learning_rate': 0.1, 'max_depth': 6, 'min_child_weight': 3}"
0.9658198227624251,0.0015682362302080716,"{'colsample_bytree': 0.6, 'gamma': 0.5, 'learning_rate': 0.1, 'max_depth': 6, 'min_child_weight': 6}"
0.9656771592474307,0.001068707607331998,"{'colsample_bytree': 0.6, 'gamma': 0.5, 'learning_rate': 0.1, 'max_depth': 6, 'min_child_weight': 9}"
0.9650349137640294,0.0008643011713656174,"{'colsample_bytree': 0.6, 'gamma': 0.5, 'learning_rate': 0.1, 'max_depth': 8, 'min_child_weight': 1}"
0.965748384083664,0.0016704396734163324,"{'colsample_bytree': 0.6, 'gamma': 0.5, 'learning_rate': 0.1, 'max_depth': 8, 'min_child_weight': 3}"
0.9654630265047427,0.002578017740233007,"{'colsample_bytree': 0.6, 'gamma': 0.5, 'learning_rate': 0.1, 'max_depth': 8, 'min_child_weight': 6}"
0.9661052261647453,0.002072259171718796,"{'colsample_bytree': 0.6, 'gamma': 0.5, 'learning_rate': 0.1, 'max_depth': 8, 'min_child_weight': 9}"
0.9657484604559953,0.0019866393189886212,"{'colsample_bytree': 0.6, 'gamma': 0.5, 'learning_rate': 0.2, 'max_depth': 3, 'min_child_weight': 1}"
0.9656056900197371,0.0021875706165849365,"{'colsample_bytree': 0.6, 'gamma': 0.5, 'learning_rate': 0.2, 'max_depth': 3, 'min_child_weight': 3}"
0.9656770370517004,0.002388039139764319,"{'colsample_bytree': 0.6, 'gamma': 0.5, 'learning_rate': 0.2, 'max_depth': 3, 'min_child_weight': 6}"
0.9653203782642145,0.001320123857088518,"{'colsample_bytree': 0.6, 'gamma': 0.5, 'learning_rate': 0.2, 'max_depth': 3, 'min_child_weight': 9}"
0.9661766190201075,0.0016869198982577584,"{'colsample_bytree': 0.6, 'gamma': 0.5, 'learning_rate': 0.2, 'max_depth': 4, 'min_child_weight': 1}"
0.965677006502768,0.0020135942997841507,"{'colsample_bytree': 0.6, 'gamma': 0.5, 'learning_rate': 0.2, 'max_depth': 4, 'min_child_weight': 3}"
0.9656057052942034,0.0016265418222063549,"{'colsample_bytree': 0.6, 'gamma': 0.5, 'learning_rate': 0.2, 'max_depth': 4, 'min_child_weight': 6}"
0.9658911697943887,0.0025780041540500913,"{'colsample_bytree': 0.6, 'gamma': 0.5, 'learning_rate': 0.2, 'max_depth': 4, 'min_child_weight': 9}"
0.9654629195834789,0.002188348196059489,"{'colsample_bytree': 0.6, 'gamma': 0.5, 'learning_rate': 0.2, 'max_depth': 5, 'min_child_weight': 1}"
0.9651062913449252,0.001947048183180187,"{'colsample_bytree': 0.6, 'gamma': 0.5, 'learning_rate': 0.2, 'max_depth': 5, 'min_child_weight': 3}"
0.9670329055993995,0.0020168818608568935,"{'colsample_bytree': 0.6, 'gamma': 0.5, 'learning_rate': 0.2, 'max_depth': 5, 'min_child_weight': 6}"
0.9648208115702737,0.001926903000997298,"{'colsample_bytree': 0.6, 'gamma': 0.5, 'learning_rate': 0.2, 'max_depth': 5, 'min_child_weight': 9}"
0.9654629654068776,0.001510158659262669,"{'colsample_bytree': 0.6, 'gamma': 0.5, 'learning_rate': 0.2, 'max_depth': 6, 'min_child_weight': 1}"
0.9664621293436916,0.0021069794866603675,"{'colsample_bytree': 0.6, 'gamma': 0.5, 'learning_rate': 0.2, 'max_depth': 6, 'min_child_weight': 3}"
0.9651774703577599,0.002452016729011567,"{'colsample_bytree': 0.6, 'gamma': 0.5, 'learning_rate': 0.2, 'max_depth': 6, 'min_child_weight': 6}"
0.9653202255195518,0.002354020888616924,"{'colsample_bytree': 0.6, 'gamma': 0.5, 'learning_rate': 0.2, 'max_depth': 6, 'min_child_weight': 9}"
0.9656771592474307,0.0019337401912473654,"{'colsample_bytree': 0.6, 'gamma': 0.5, 'learning_rate': 0.2, 'max_depth': 8, 'min_child_weight': 1}"
0.9656771592474307,0.000563150235528448,"{'colsample_bytree': 0.6, 'gamma': 0.5, 'learning_rate': 0.2, 'max_depth': 8, 'min_child_weight': 3}"
0.9646781175063469,0.0010652588539173658,"{'colsample_bytree': 0.6, 'gamma': 0.5, 'learning_rate': 0.2, 'max_depth': 8, 'min_child_weight': 6}"
0.9642499131188358,0.0021285067051045863,"{'colsample_bytree': 0.6, 'gamma': 0.5, 'learning_rate': 0.2, 'max_depth': 8, 'min_child_weight': 9}"
0.9618951708491821,0.002982836523050918,"{'colsample_bytree': 0.6, 'gamma': 1.0, 'learning_rate': 0.01, 'max_depth': 3, 'min_child_weight': 1}"
0.9618238238172186,0.0029587152153038947,"{'colsample_bytree': 0.6, 'gamma': 1.0, 'learning_rate': 0.01, 'max_depth': 3, 'min_child_weight': 3}"
0.9618238238172186,0.0031293580485750303,"{'colsample_bytree': 0.6, 'gamma': 1.0, 'learning_rate': 0.01, 'max_depth': 3, 'min_child_weight': 6}"
0.9618951861236483,0.002862417288276821,"{'colsample_bytree': 0.6, 'gamma': 1.0, 'learning_rate': 0.01, 'max_depth': 3, 'min_child_weight': 9}"
0.9626087939134796,0.002721490262086632,"{'colsample_bytree': 0.6, 'gamma': 1.0, 'learning_rate': 0.01, 'max_depth': 4, 'min_child_weight': 1}"
0.9623947680920555,0.0026294853356886973,"{'colsample_bytree': 0.6, 'gamma': 1.0, 'learning_rate': 0.01, 'max_depth': 4, 'min_child_weight': 3}"
0.9624660845750862,0.002804366786194408,"{'colsample_bytree': 0.6, 'gamma': 1.0, 'learning_rate': 0.01, 'max_depth': 4, 'min_child_weight': 6}"
0.962537446881516,0.0025393615031338757,"{'colsample_bytree': 0.6, 'gamma': 1.0, 'learning_rate': 0.01, 'max_depth': 4, 'min_child_weight': 9}"
0.963322355879912,0.0030797684983721848,"{'colsample_bytree': 0.6, 'gamma': 1.0, 'learning_rate': 0.01, 'max_depth': 5, 'min_child_weight': 1}"
0.9630369677520582,0.0030593784685562274,"{'colsample_bytree': 0.6, 'gamma': 1.0, 'learning_rate': 0.01, 'max_depth': 5, 'min_child_weight': 3}"
0.9633937487352743,0.003321225568920327,"{'colsample_bytree': 0.6, 'gamma': 1.0, 'learning_rate': 0.01, 'max_depth': 5, 'min_child_weight': 6}"
0.9630369372031254,0.002547513090243293,"{'colsample_bytree': 0.6, 'gamma': 1.0, 'learning_rate': 0.01, 'max_depth': 5, 'min_child_weight': 9}"
0.9636791521375944,0.0034182188526083873,"{'colsample_bytree': 0.6, 'gamma': 1.0, 'learning_rate': 0.01, 'max_depth': 6, 'min_child_weight': 1}"
0.9636078509290297,0.0033346598108477997,"{'colsample_bytree': 0.6, 'gamma': 1.0, 'learning_rate': 0.01, 'max_depth': 6, 'min_child_weight': 3}"
0.9633223406054455,0.002499435381021999,"{'colsample_bytree': 0.6, 'gamma': 1.0, 'learning_rate': 0.01, 'max_depth': 6, 'min_child_weight': 6}"
0.9632509935734821,0.0024808861137230603,"{'colsample_bytree': 0.6, 'gamma': 1.0, 'learning_rate': 0.01, 'max_depth': 6, 'min_child_weight': 9}"
0.964464168057254,0.0030319570369384936,"{'colsample_bytree': 0.6, 'gamma': 1.0, 'learning_rate': 0.01, 'max_depth': 8, 'min_child_weight': 1}"
0.964464168057254,0.0030319570369384936,"{'colsample_bytree': 0.6, 'gamma': 1.0, 'learning_rate': 0.01, 'max_depth': 8, 'min_child_weight': 3}"
0.9636078203800972,0.0024472200819195787,"{'colsample_bytree': 0.6, 'gamma': 1.0, 'learning_rate': 0.01, 'max_depth': 8, 'min_child_weight': 6}"
0.9636078051056308,0.002713851050247241,"{'colsample_bytree': 0.6, 'gamma': 1.0, 'learning_rate': 0.01, 'max_depth': 8, 'min_child_weight': 9}"
0.9646780411340155,0.0024303086058746143,"{'colsample_bytree': 0.6, 'gamma': 1.0, 'learning_rate': 0.1, 'max_depth': 3, 'min_child_weight': 1}"
0.9651061844236614,0.0022878071398998684,"{'colsample_bytree': 0.6, 'gamma': 1.0, 'learning_rate': 0.1, 'max_depth': 3, 'min_child_weight': 3}"
0.9651062302470602,0.0024484780875583846,"{'colsample_bytree': 0.6, 'gamma': 1.0, 'learning_rate': 0.1, 'max_depth': 3, 'min_child_weight': 6}"
0.965106214972594,0.0022739894582070306,"{'colsample_bytree': 0.6, 'gamma': 1.0, 'learning_rate': 0.1, 'max_depth': 3, 'min_child_weight': 9}"
0.9657484299070628,0.0018268995375737842,"{'colsample_bytree': 0.6, 'gamma': 1.0, 'learning_rate': 0.1, 'max_depth': 4, 'min_child_weight': 1}"
0.9651775467300912,0.0016822688843314798,"{'colsample_bytree': 0.6, 'gamma': 1.0, 'learning_rate': 0.1, 'max_depth': 4, 'min_child_weight': 3}"
0.9646067246509844,0.0017701528393389142,"{'colsample_bytree': 0.6, 'gamma': 1.0, 'learning_rate': 0.1, 'max_depth': 4, 'min_child_weight': 6}"
0.9648920975043721,0.0019490924742665572,"{'colsample_bytree': 0.6, 'gamma': 1.0, 'learning_rate': 0.1, 'max_depth': 4, 'min_child_weight': 9}"
0.9645353623445548,0.0020201503296120933,"{'colsample_bytree': 0.6, 'gamma': 1.0, 'learning_rate': 0.1, 'max_depth': 5, 'min_child_weight': 1}"
0.9652489090365209,0.0017002364006295009,"{'colsample_bytree': 0.6, 'gamma': 1.0, 'learning_rate': 0.1, 'max_depth': 5, 'min_child_weight': 3}"
0.9661766342945738,0.0009099725994197511,"{'colsample_bytree': 0.6, 'gamma': 1.0, 'learning_rate': 0.1, 'max_depth': 5, 'min_child_weight': 6}"
0.9650349290384955,0.001698490091750903,"{'colsample_bytree': 0.6, 'gamma': 1.0, 'learning_rate': 0.1, 'max_depth': 5, 'min_child_weight': 9}"
0.9660338333093829,0.002187544641489503,"{'colsample_bytree': 0.6, 'gamma': 1.0, 'learning_rate': 0.1, 'max_depth': 6, 'min_child_weight': 1}"
0.9659624404540206,0.0022340992800617718,"{'colsample_bytree': 0.6, 'gamma': 1.0, 'learning_rate': 0.1, 'max_depth': 6, 'min_child_weight': 3}"
0.9652488784875883,0.0021598379902176734,"{'colsample_bytree': 0.6, 'gamma': 1.0, 'learning_rate': 0.1, 'max_depth': 6, 'min_child_weight': 6}"
0.965248970134386,0.0017867411035622843,"{'colsample_bytree': 0.6, 'gamma': 1.0, 'learning_rate': 0.1, 'max_depth': 6, 'min_child_weight': 9}"
0.9656057205686697,0.0013375829578786771,"{'colsample_bytree': 0.6, 'gamma': 1.0, 'learning_rate': 0.1, 'max_depth': 8, 'min_child_weight': 1}"
0.9659625626497509,0.0018915767068345064,"{'colsample_bytree': 0.6, 'gamma': 1.0, 'learning_rate': 0.1, 'max_depth': 8, 'min_child_weight': 3}"
0.9654629806813438,0.002990105811361208,"{'colsample_bytree': 0.6, 'gamma': 1.0, 'learning_rate': 0.1, 'max_depth': 8, 'min_child_weight': 6}"
0.9647494339893777,0.0017265475925122857,"{'colsample_bytree': 0.6, 'gamma': 1.0, 'learning_rate': 0.1, 'max_depth': 8, 'min_child_weight': 9}"
0.9663192519861693,0.0021166786444767444,"{'colsample_bytree': 0.6, 'gamma': 1.0, 'learning_rate': 0.2, 'max_depth': 3, 'min_child_weight': 1}"
0.9653202407940181,0.0024492497662857494,"{'colsample_bytree': 0.6, 'gamma': 1.0, 'learning_rate': 0.2, 'max_depth': 3, 'min_child_weight': 3}"
0.9657483993581303,0.0016701636701499463,"{'colsample_bytree': 0.6, 'gamma': 1.0, 'learning_rate': 0.2, 'max_depth': 3, 'min_child_weight': 6}"
0.9660338791327817,0.001717321096157207,"{'colsample_bytree': 0.6, 'gamma': 1.0, 'learning_rate': 0.2, 'max_depth': 3, 'min_child_weight': 9}"
0.9656770370517004,0.002249681312296405,"{'colsample_bytree': 0.6, 'gamma': 1.0, 'learning_rate': 0.2, 'max_depth': 4, 'min_child_weight': 1}"
0.9653201796961529,0.00244998653215347,"{'colsample_bytree': 0.6, 'gamma': 1.0, 'learning_rate': 0.2, 'max_depth': 4, 'min_child_weight': 3}"
0.9651062455215266,0.0018263966902982614,"{'colsample_bytree': 0.6, 'gamma': 1.0, 'learning_rate': 0.2, 'max_depth': 4, 'min_child_weight': 6}"
0.9660339096817143,0.0019184811859979038,"{'colsample_bytree': 0.6, 'gamma': 1.0, 'learning_rate': 0.2, 'max_depth': 4, 'min_child_weight': 9}"
0.9646066482786533,0.002215961767067833,"{'colsample_bytree': 0.6, 'gamma': 1.0, 'learning_rate': 0.2, 'max_depth': 5, 'min_child_weight': 1}"
0.9657484604559953,0.0024792599331792168,"{'colsample_bytree': 0.6, 'gamma': 1.0, 'learning_rate': 0.2, 'max_depth': 5, 'min_child_weight': 3}"
0.9656770523261669,0.0018216671341862542,"{'colsample_bytree': 0.6, 'gamma': 1.0, 'learning_rate': 0.2, 'max_depth': 5, 'min_child_weight': 6}"
0.9647494339893777,0.0015882803590998782,"{'colsample_bytree': 0.6, 'gamma': 1.0, 'learning_rate': 0.2, 'max_depth': 5, 'min_child_weight': 9}"
0.966105103969015,0.002376110398777757,"{'colsample_bytree': 0.6, 'gamma': 1.0, 'learning_rate': 0.2, 'max_depth': 6, 'min_child_weight': 1}"
0.9643926530061616,0.0017701645811263765,"{'colsample_bytree': 0.6, 'gamma': 1.0, 'learning_rate': 0.2, 'max_depth': 6, 'min_child_weight': 3}"
0.9656057205686697,0.0012304994575955911,"{'colsample_bytree': 0.6, 'gamma': 1.0, 'learning_rate': 0.2, 'max_depth': 6, 'min_child_weight': 6}"
0.9649635514575996,0.0017520220446105017,"{'colsample_bytree': 0.6, 'gamma': 1.0, 'learning_rate': 0.2, 'max_depth': 6, 'min_child_weight': 9}"
0.9653916336493804,0.0017531301152637407,"{'colsample_bytree': 0.6, 'gamma': 1.0, 'learning_rate': 0.2, 'max_depth': 8, 'min_child_weight': 1}"
0.9650349137640294,0.0005372936112745646,"{'colsample_bytree': 0.6, 'gamma': 1.0, 'learning_rate': 0.2, 'max_depth': 8, 'min_child_weight': 3}"
0.9653203629897483,0.00046475057261730047,"{'colsample_bytree': 0.6, 'gamma': 1.0, 'learning_rate': 0.2, 'max_depth': 8, 'min_child_weight': 6}"
0.9648209490404702,0.0011083268995257134,"{'colsample_bytree': 0.6, 'gamma': 1.0, 'learning_rate': 0.2, 'max_depth': 8, 'min_child_weight': 9}"
0.9618238238172186,0.0034718851902165696,"{'colsample_bytree': 0.9, 'gamma': 0.1, 'learning_rate': 0.01, 'max_depth': 3, 'min_child_weight': 1}"
0.9618238238172186,0.0034718851902165696,"{'colsample_bytree': 0.9, 'gamma': 0.1, 'learning_rate': 0.01, 'max_depth': 3, 'min_child_weight': 3}"
0.9617524920597215,0.003346127927874082,"{'colsample_bytree': 0.9, 'gamma': 0.1, 'learning_rate': 0.01, 'max_depth': 3, 'min_child_weight': 6}"
0.9618952166725809,0.0031613218980320575,"{'colsample_bytree': 0.9, 'gamma': 0.1, 'learning_rate': 0.01, 'max_depth': 3, 'min_child_weight': 9}"
0.9630370288499231,0.003298928882355587,"{'colsample_bytree': 0.9, 'gamma': 0.1, 'learning_rate': 0.01, 'max_depth': 4, 'min_child_weight': 1}"
0.9629656512690271,0.003265030050423344,"{'colsample_bytree': 0.9, 'gamma': 0.1, 'learning_rate': 0.01, 'max_depth': 4, 'min_child_weight': 3}"
0.9627515490752717,0.003237189660047993,"{'colsample_bytree': 0.9, 'gamma': 0.1, 'learning_rate': 0.01, 'max_depth': 4, 'min_child_weight': 6}"
0.9624661151240189,0.0033226432056281544,"{'colsample_bytree': 0.9, 'gamma': 0.1, 'learning_rate': 0.01, 'max_depth': 4, 'min_child_weight': 9}"
0.9630369677520582,0.003933305371901948,"{'colsample_bytree': 0.9, 'gamma': 0.1, 'learning_rate': 0.01, 'max_depth': 5, 'min_child_weight': 1}"
0.9626088702858109,0.003878093864537299,"{'colsample_bytree': 0.9, 'gamma': 0.1, 'learning_rate': 0.01, 'max_depth': 5, 'min_child_weight': 3}"
0.9628229266561675,0.0037744355956153895,"{'colsample_bytree': 0.9, 'gamma': 0.1, 'learning_rate': 0.01, 'max_depth': 5, 'min_child_weight': 6}"
0.9631797076393838,0.00350878806010788,"{'colsample_bytree': 0.9, 'gamma': 0.1, 'learning_rate': 0.01, 'max_depth': 5, 'min_child_weight': 9}"
0.9627515490752717,0.0034118184091078987,"{'colsample_bytree': 0.9, 'gamma': 0.1, 'learning_rate': 0.01, 'max_depth': 6, 'min_child_weight': 1}"
0.9631083758818866,0.003280473354694773,"{'colsample_bytree': 0.9, 'gamma': 0.1, 'learning_rate': 0.01, 'max_depth': 6, 'min_child_weight': 3}"
0.9627515490752715,0.003761123983064338,"{'colsample_bytree': 0.9, 'gamma': 0.1, 'learning_rate': 0.01, 'max_depth': 6, 'min_child_weight': 6}"
0.9632510699458136,0.003948523148856592,"{'colsample_bytree': 0.9, 'gamma': 0.1, 'learning_rate': 0.01, 'max_depth': 6, 'min_child_weight': 9}"
0.9634650804927715,0.0032439363773329004,"{'colsample_bytree': 0.9, 'gamma': 0.1, 'learning_rate': 0.01, 'max_depth': 8, 'min_child_weight': 1}"
0.9632509935734822,0.002999409086458612,"{'colsample_bytree': 0.9, 'gamma': 0.1, 'learning_rate': 0.01, 'max_depth': 8, 'min_child_weight': 3}"
0.9625374621559825,0.003496026796197376,"{'colsample_bytree': 0.9, 'gamma': 0.1, 'learning_rate': 0.01, 'max_depth': 8, 'min_child_weight': 6}"
0.9634651110417041,0.0034089449439350323,"{'colsample_bytree': 0.9, 'gamma': 0.1, 'learning_rate': 0.01, 'max_depth': 8, 'min_child_weight': 9}"
0.9649634903597345,0.0024757045541980082,"{'colsample_bytree': 0.9, 'gamma': 0.1, 'learning_rate': 0.1, 'max_depth': 3, 'min_child_weight': 1}"
0.9649634292618693,0.0025494222816409354,"{'colsample_bytree': 0.9, 'gamma': 0.1, 'learning_rate': 0.1, 'max_depth': 3, 'min_child_weight': 3}"
0.9646780105850828,0.002890109700544261,"{'colsample_bytree': 0.9, 'gamma': 0.1, 'learning_rate': 0.1, 'max_depth': 3, 'min_child_weight': 6}"
0.9651775925534899,0.0020274241121173565,"{'colsample_bytree': 0.9, 'gamma': 0.1, 'learning_rate': 0.1, 'max_depth': 3, 'min_child_weight': 9}"
0.9656057052942032,0.0020278809106381015,"{'colsample_bytree': 0.9, 'gamma': 0.1, 'learning_rate': 0.1, 'max_depth': 4, 'min_child_weight': 1}"
0.964963520908667,0.0011664018164652052,"{'colsample_bytree': 0.9, 'gamma': 0.1, 'learning_rate': 0.1, 'max_depth': 4, 'min_child_weight': 3}"
0.9656057358431358,0.0011663539673452336,"{'colsample_bytree': 0.9, 'gamma': 0.1, 'learning_rate': 0.1, 'max_depth': 4, 'min_child_weight': 6}"
0.9648207810213413,0.0016544375458947818,"{'colsample_bytree': 0.9, 'gamma': 0.1, 'learning_rate': 0.1, 'max_depth': 4, 'min_child_weight': 9}"
0.965534312438841,0.002063273353821106,"{'colsample_bytree': 0.9, 'gamma': 0.1, 'learning_rate': 0.1, 'max_depth': 5, 'min_child_weight': 1}"
0.9655343429877735,0.0019873781757061134,"{'colsample_bytree': 0.9, 'gamma': 0.1, 'learning_rate': 0.1, 'max_depth': 5, 'min_child_weight': 3}"
0.9653202255195518,0.002354020888616924,"{'colsample_bytree': 0.9, 'gamma': 0.1, 'learning_rate': 0.1, 'max_depth': 5, 'min_child_weight': 6}"
0.9654629959558102,0.0028486457248516482,"{'colsample_bytree': 0.9, 'gamma': 0.1, 'learning_rate': 0.1, 'max_depth': 5, 'min_child_weight': 9}"
0.9653202255195518,0.0017771008624964167,"{'colsample_bytree': 0.9, 'gamma': 0.1, 'learning_rate': 0.1, 'max_depth': 6, 'min_child_weight': 1}"
0.9658910323241922,0.002376130152969508,"{'colsample_bytree': 0.9, 'gamma': 0.1, 'learning_rate': 0.1, 'max_depth': 6, 'min_child_weight': 3}"
0.9652488784875883,0.0021598379902176734,"{'colsample_bytree': 0.9, 'gamma': 0.1, 'learning_rate': 0.1, 'max_depth': 6, 'min_child_weight': 6}"
0.9669615738419023,0.0025595676696480744,"{'colsample_bytree': 0.9, 'gamma': 0.1, 'learning_rate': 0.1, 'max_depth': 6, 'min_child_weight': 9}"
0.9653915725515153,0.002013693936878886,"{'colsample_bytree': 0.9, 'gamma': 0.1, 'learning_rate': 0.1, 'max_depth': 8, 'min_child_weight': 1}"
0.9656770370517004,0.002249681312296405,"{'colsample_bytree': 0.9, 'gamma': 0.1, 'learning_rate': 0.1, 'max_depth': 8, 'min_child_weight': 3}"
0.9652488173897232,0.003081601157899373,"{'colsample_bytree': 0.9, 'gamma': 0.1, 'learning_rate': 0.1, 'max_depth': 8, 'min_child_weight': 6}"
0.966033726388119,0.003347857488344968,"{'colsample_bytree': 0.9, 'gamma': 0.1, 'learning_rate': 0.1, 'max_depth': 8, 'min_child_weight': 9}"
0.9658911697943885,0.001769809611457815,"{'colsample_bytree': 0.9, 'gamma': 0.1, 'learning_rate': 0.2, 'max_depth': 3, 'min_child_weight': 1}"
0.9656770523261669,0.0022290057586649334,"{'colsample_bytree': 0.9, 'gamma': 0.1, 'learning_rate': 0.2, 'max_depth': 3, 'min_child_weight': 3}"
0.9654629501324113,0.002689143381430856,"{'colsample_bytree': 0.9, 'gamma': 0.1, 'learning_rate': 0.2, 'max_depth': 3, 'min_child_weight': 6}"
0.966390660115998,0.0022871208585314435,"{'colsample_bytree': 0.9, 'gamma': 0.1, 'learning_rate': 0.2, 'max_depth': 3, 'min_child_weight': 9}"
0.9659624710029533,0.0033500295732237506,"{'colsample_bytree': 0.9, 'gamma': 0.1, 'learning_rate': 0.2, 'max_depth': 4, 'min_child_weight': 1}"
0.9653915878259816,0.002028586478202785,"{'colsample_bytree': 0.9, 'gamma': 0.1, 'learning_rate': 0.2, 'max_depth': 4, 'min_child_weight': 3}"
0.9656770217772342,0.0021598066347541535,"{'colsample_bytree': 0.9, 'gamma': 0.1, 'learning_rate': 0.2, 'max_depth': 4, 'min_child_weight': 6}"
0.9650347610193667,0.002458191210409823,"{'colsample_bytree': 0.9, 'gamma': 0.1, 'learning_rate': 0.2, 'max_depth': 4, 'min_child_weight': 9}"
0.9656056136474057,0.0022842426994798886,"{'colsample_bytree': 0.9, 'gamma': 0.1, 'learning_rate': 0.2, 'max_depth': 5, 'min_child_weight': 1}"
0.9649635056342007,0.00232924036013594,"{'colsample_bytree': 0.9, 'gamma': 0.1, 'learning_rate': 0.2, 'max_depth': 5, 'min_child_weight': 3}"
0.9659625015518859,0.0024298509628746367,"{'colsample_bytree': 0.9, 'gamma': 0.1, 'learning_rate': 0.2, 'max_depth': 5, 'min_child_weight': 6}"
0.9651775009066923,0.0023104911957538615,"{'colsample_bytree': 0.9, 'gamma': 0.1, 'learning_rate': 0.2, 'max_depth': 5, 'min_child_weight': 9}"
0.9658911697943885,0.0013256054429904211,"{'colsample_bytree': 0.9, 'gamma': 0.1, 'learning_rate': 0.2, 'max_depth': 6, 'min_child_weight': 1}"
0.9646779494872179,0.002716356879856043,"{'colsample_bytree': 0.9, 'gamma': 0.1, 'learning_rate': 0.2, 'max_depth': 6, 'min_child_weight': 3}"
0.9656770217772342,0.0022835856033127187,"{'colsample_bytree': 0.9, 'gamma': 0.1, 'learning_rate': 0.2, 'max_depth': 6, 'min_child_weight': 6}"
0.9639644486186506,0.0020436288647848614,"{'colsample_bytree': 0.9, 'gamma': 0.1, 'learning_rate': 0.2, 'max_depth': 6, 'min_child_weight': 9}"
0.9661051803413464,0.0022496541166491897,"{'colsample_bytree': 0.9, 'gamma': 0.1, 'learning_rate': 0.2, 'max_depth': 8, 'min_child_weight': 1}"
0.9651775925534899,0.001717364425155315,"{'colsample_bytree': 0.9, 'gamma': 0.1, 'learning_rate': 0.2, 'max_depth': 8, 'min_child_weight': 3}"
0.9659624404540207,0.0024803845578414245,"{'colsample_bytree': 0.9, 'gamma': 0.1, 'learning_rate': 0.2, 'max_depth': 8, 'min_child_weight': 6}"
0.9650348373916979,0.002375047579294563,"{'colsample_bytree': 0.9, 'gamma': 0.1, 'learning_rate': 0.2, 'max_depth': 8, 'min_child_weight': 9}"
0.9618238238172186,0.0034718851902165696,"{'colsample_bytree': 0.9, 'gamma': 0.5, 'learning_rate': 0.01, 'max_depth': 3, 'min_child_weight': 1}"
0.9617524615107889,0.003396310213444518,"{'colsample_bytree': 0.9, 'gamma': 0.5, 'learning_rate': 0.01, 'max_depth': 3, 'min_child_weight': 3}"
0.9618238543661511,0.003427271061702806,"{'colsample_bytree': 0.9, 'gamma': 0.5, 'learning_rate': 0.01, 'max_depth': 3, 'min_child_weight': 6}"
0.9620379260109742,0.003253469462696821,"{'colsample_bytree': 0.9, 'gamma': 0.5, 'learning_rate': 0.01, 'max_depth': 3, 'min_child_weight': 9}"
0.962822941930634,0.0033587662196189636,"{'colsample_bytree': 0.9, 'gamma': 0.5, 'learning_rate': 0.01, 'max_depth': 4, 'min_child_weight': 1}"
0.9628229266561675,0.0030789138228164425,"{'colsample_bytree': 0.9, 'gamma': 0.5, 'learning_rate': 0.01, 'max_depth': 4, 'min_child_weight': 3}"
0.9626802020433081,0.003417670513044099,"{'colsample_bytree': 0.9, 'gamma': 0.5, 'learning_rate': 0.01, 'max_depth': 4, 'min_child_weight': 6}"
0.9627515643497379,0.0031605935983086684,"{'colsample_bytree': 0.9, 'gamma': 0.5, 'learning_rate': 0.01, 'max_depth': 4, 'min_child_weight': 9}"
0.96317972291385,0.004132443580772784,"{'colsample_bytree': 0.9, 'gamma': 0.5, 'learning_rate': 0.01, 'max_depth': 5, 'min_child_weight': 1}"
0.9626802325922407,0.003971467652997714,"{'colsample_bytree': 0.9, 'gamma': 0.5, 'learning_rate': 0.01, 'max_depth': 5, 'min_child_weight': 3}"
0.9629656512690271,0.003958726910090732,"{'colsample_bytree': 0.9, 'gamma': 0.5, 'learning_rate': 0.01, 'max_depth': 5, 'min_child_weight': 6}"
0.9633224322522432,0.003692547288603535,"{'colsample_bytree': 0.9, 'gamma': 0.5, 'learning_rate': 0.01, 'max_depth': 5, 'min_child_weight': 9}"
0.9628229266561675,0.0030789138228164425,"{'colsample_bytree': 0.9, 'gamma': 0.5, 'learning_rate': 0.01, 'max_depth': 6, 'min_child_weight': 1}"
0.962822941930634,0.0033587662196189636,"{'colsample_bytree': 0.9, 'gamma': 0.5, 'learning_rate': 0.01, 'max_depth': 6, 'min_child_weight': 3}"
0.9627515490752715,0.003761123983064338,"{'colsample_bytree': 0.9, 'gamma': 0.5, 'learning_rate': 0.01, 'max_depth': 6, 'min_child_weight': 6}"
0.9632510699458136,0.003774439595411191,"{'colsample_bytree': 0.9, 'gamma': 0.5, 'learning_rate': 0.01, 'max_depth': 6, 'min_child_weight': 9}"
0.9631082384116901,0.0029120249268721203,"{'colsample_bytree': 0.9, 'gamma': 0.5, 'learning_rate': 0.01, 'max_depth': 8, 'min_child_weight': 1}"
0.9631082995095551,0.002630062123822147,"{'colsample_bytree': 0.9, 'gamma': 0.5, 'learning_rate': 0.01, 'max_depth': 8, 'min_child_weight': 3}"
0.9626802020433082,0.00359203154811931,"{'colsample_bytree': 0.9, 'gamma': 0.5, 'learning_rate': 0.01, 'max_depth': 8, 'min_child_weight': 6}"
0.9634651263161702,0.003327127920720809,"{'colsample_bytree': 0.9, 'gamma': 0.5, 'learning_rate': 0.01, 'max_depth': 8, 'min_child_weight': 9}"
0.9650348526661642,0.0025305675662081768,"{'colsample_bytree': 0.9, 'gamma': 0.5, 'learning_rate': 0.1, 'max_depth': 3, 'min_child_weight': 1}"
0.9648921586022373,0.001971485916385152,"{'colsample_bytree': 0.9, 'gamma': 0.5, 'learning_rate': 0.1, 'max_depth': 3, 'min_child_weight': 3}"
0.96581976166456,0.0023296079726450804,"{'colsample_bytree': 0.9, 'gamma': 0.5, 'learning_rate': 0.1, 'max_depth': 3, 'min_child_weight': 6}"
0.9653202713429506,0.0024237820149492456,"{'colsample_bytree': 0.9, 'gamma': 0.5, 'learning_rate': 0.1, 'max_depth': 3, 'min_child_weight': 9}"
0.9648922197001024,0.0019470515808773046,"{'colsample_bytree': 0.9, 'gamma': 0.5, 'learning_rate': 0.1, 'max_depth': 4, 'min_child_weight': 1}"
0.9651775925534899,0.0015685831205287707,"{'colsample_bytree': 0.9, 'gamma': 0.5, 'learning_rate': 0.1, 'max_depth': 4, 'min_child_weight': 3}"
0.9653203324408158,0.0018510423950603154,"{'colsample_bytree': 0.9, 'gamma': 0.5, 'learning_rate': 0.1, 'max_depth': 4, 'min_child_weight': 6}"
0.964892143327771,0.0015559824685166539,"{'colsample_bytree': 0.9, 'gamma': 0.5, 'learning_rate': 0.1, 'max_depth': 4, 'min_child_weight': 9}"
0.9663193894563659,0.0018362028537178522,"{'colsample_bytree': 0.9, 'gamma': 0.5, 'learning_rate': 0.1, 'max_depth': 5, 'min_child_weight': 1}"
0.965677067600633,0.0017875411214978362,"{'colsample_bytree': 0.9, 'gamma': 0.5, 'learning_rate': 0.1, 'max_depth': 5, 'min_child_weight': 3}"
0.9648207962958075,0.001488870486537674,"{'colsample_bytree': 0.9, 'gamma': 0.5, 'learning_rate': 0.1, 'max_depth': 5, 'min_child_weight': 6}"
0.9650348984895629,0.0017867490757313435,"{'colsample_bytree': 0.9, 'gamma': 0.5, 'learning_rate': 0.1, 'max_depth': 5, 'min_child_weight': 9}"
0.9660338638583156,0.0011402425703174216,"{'colsample_bytree': 0.9, 'gamma': 0.5, 'learning_rate': 0.1, 'max_depth': 6, 'min_child_weight': 1}"
0.9651775161811585,0.0022567694006806896,"{'colsample_bytree': 0.9, 'gamma': 0.5, 'learning_rate': 0.1, 'max_depth': 6, 'min_child_weight': 3}"
0.9661052261647453,0.0019191531000146602,"{'colsample_bytree': 0.9, 'gamma': 0.5, 'learning_rate': 0.1, 'max_depth': 6, 'min_child_weight': 6}"
0.9657484910049279,0.0018915819316833976,"{'colsample_bytree': 0.9, 'gamma': 0.5, 'learning_rate': 0.1, 'max_depth': 6, 'min_child_weight': 9}"
0.9656771286984981,0.0016531958122377633,"{'colsample_bytree': 0.9, 'gamma': 0.5, 'learning_rate': 0.1, 'max_depth': 8, 'min_child_weight': 1}"
0.9656056594708046,0.0026491249690711494,"{'colsample_bytree': 0.9, 'gamma': 0.5, 'learning_rate': 0.1, 'max_depth': 8, 'min_child_weight': 3}"
0.9657483688091976,0.002480399087800068,"{'colsample_bytree': 0.9, 'gamma': 0.5, 'learning_rate': 0.1, 'max_depth': 8, 'min_child_weight': 6}"
0.965819700566695,0.002277333493102279,"{'colsample_bytree': 0.9, 'gamma': 0.5, 'learning_rate': 0.1, 'max_depth': 8, 'min_child_weight': 9}"
0.9666047623097535,0.0021841796892664795,"{'colsample_bytree': 0.9, 'gamma': 0.5, 'learning_rate': 0.2, 'max_depth': 3, 'min_child_weight': 1}"
0.9658197769390263,0.002322838900298571,"{'colsample_bytree': 0.9, 'gamma': 0.5, 'learning_rate': 0.2, 'max_depth': 3, 'min_child_weight': 3}"
0.9655342666154422,0.0028153971029696995,"{'colsample_bytree': 0.9, 'gamma': 0.5, 'learning_rate': 0.2, 'max_depth': 3, 'min_child_weight': 6}"
0.9653916336493804,0.001887419604599335,"{'colsample_bytree': 0.9, 'gamma': 0.5, 'learning_rate': 0.2, 'max_depth': 3, 'min_child_weight': 9}"
0.9658198074879588,0.0018706222118339431,"{'colsample_bytree': 0.9, 'gamma': 0.5, 'learning_rate': 0.2, 'max_depth': 4, 'min_child_weight': 1}"
0.9658912003433211,0.0024993826847077706,"{'colsample_bytree': 0.9, 'gamma': 0.5, 'learning_rate': 0.2, 'max_depth': 4, 'min_child_weight': 3}"
0.9655343277133074,0.00228778134915093,"{'colsample_bytree': 0.9, 'gamma': 0.5, 'learning_rate': 0.2, 'max_depth': 4, 'min_child_weight': 6}"
0.9646067093765183,0.0017876083998709395,"{'colsample_bytree': 0.9, 'gamma': 0.5, 'learning_rate': 0.2, 'max_depth': 4, 'min_child_weight': 9}"
0.9658197922134925,0.001726484248230921,"{'colsample_bytree': 0.9, 'gamma': 0.5, 'learning_rate': 0.2, 'max_depth': 5, 'min_child_weight': 1}"
0.9654629501324113,0.0018388862305727639,"{'colsample_bytree': 0.9, 'gamma': 0.5, 'learning_rate': 0.2, 'max_depth': 5, 'min_child_weight': 3}"
0.9658911545199222,0.002711060107278772,"{'colsample_bytree': 0.9, 'gamma': 0.5, 'learning_rate': 0.2, 'max_depth': 5, 'min_child_weight': 6}"
0.9657483382602652,0.0029427380162496,"{'colsample_bytree': 0.9, 'gamma': 0.5, 'learning_rate': 0.2, 'max_depth': 5, 'min_child_weight': 9}"
0.9658910475986584,0.002202428485425661,"{'colsample_bytree': 0.9, 'gamma': 0.5, 'learning_rate': 0.2, 'max_depth': 6, 'min_child_weight': 1}"
0.9650348221172317,0.0023880775706736014,"{'colsample_bytree': 0.9, 'gamma': 0.5, 'learning_rate': 0.2, 'max_depth': 6, 'min_child_weight': 3}"
0.9639643875207855,0.002452244911906675,"{'colsample_bytree': 0.9, 'gamma': 0.5, 'learning_rate': 0.2, 'max_depth': 6, 'min_child_weight': 6}"
0.9651775161811585,0.0022567694006806896,"{'colsample_bytree': 0.9, 'gamma': 0.5, 'learning_rate': 0.2, 'max_depth': 6, 'min_child_weight': 9}"
0.965605751117602,0.0014145894985259772,"{'colsample_bytree': 0.9, 'gamma': 0.5, 'learning_rate': 0.2, 'max_depth': 8, 'min_child_weight': 1}"
0.9650348373916979,0.0018217121289329646,"{'colsample_bytree': 0.9, 'gamma': 0.5, 'learning_rate': 0.2, 'max_depth': 8, 'min_child_weight': 3}"
0.9639644180697181,0.00250121893138599,"{'colsample_bytree': 0.9, 'gamma': 0.5, 'learning_rate': 0.2, 'max_depth': 8, 'min_child_weight': 6}"
0.9641070815847125,0.00334799539411674,"{'colsample_bytree': 0.9, 'gamma': 0.5, 'learning_rate': 0.2, 'max_depth': 8, 'min_child_weight': 9}"
0.9618238238172186,0.0034718851902165696,"{'colsample_bytree': 0.9, 'gamma': 1.0, 'learning_rate': 0.01, 'max_depth': 3, 'min_child_weight': 1}"
0.9617524615107889,0.003396310213444518,"{'colsample_bytree': 0.9, 'gamma': 1.0, 'learning_rate': 0.01, 'max_depth': 3, 'min_child_weight': 3}"
0.9618238543661511,0.003427271061702806,"{'colsample_bytree': 0.9, 'gamma': 1.0, 'learning_rate': 0.01, 'max_depth': 3, 'min_child_weight': 6}"
0.9618952013981147,0.003093106982260115,"{'colsample_bytree': 0.9, 'gamma': 1.0, 'learning_rate': 0.01, 'max_depth': 3, 'min_child_weight': 9}"
0.9628943042370636,0.0034529103053394295,"{'colsample_bytree': 0.9, 'gamma': 1.0, 'learning_rate': 0.01, 'max_depth': 4, 'min_child_weight': 1}"
0.9627515643497379,0.0031605935983086684,"{'colsample_bytree': 0.9, 'gamma': 1.0, 'learning_rate': 0.01, 'max_depth': 4, 'min_child_weight': 3}"
0.9626088244624121,0.003234159797351651,"{'colsample_bytree': 0.9, 'gamma': 1.0, 'learning_rate': 0.01, 'max_depth': 4, 'min_child_weight': 6}"
0.9626802020433081,0.003243356868142204,"{'colsample_bytree': 0.9, 'gamma': 1.0, 'learning_rate': 0.01, 'max_depth': 4, 'min_child_weight': 9}"
0.9630369983009905,0.0044711081428033955,"{'colsample_bytree': 0.9, 'gamma': 1.0, 'learning_rate': 0.01, 'max_depth': 5, 'min_child_weight': 1}"
0.9626802325922407,0.004144648002159387,"{'colsample_bytree': 0.9, 'gamma': 1.0, 'learning_rate': 0.01, 'max_depth': 5, 'min_child_weight': 3}"
0.9628229266561675,0.003948519325405087,"{'colsample_bytree': 0.9, 'gamma': 1.0, 'learning_rate': 0.01, 'max_depth': 5, 'min_child_weight': 6}"
0.9633224322522432,0.0035188252441611667,"{'colsample_bytree': 0.9, 'gamma': 1.0, 'learning_rate': 0.01, 'max_depth': 5, 'min_child_weight': 9}"
0.9627515338008052,0.00332122564162701,"{'colsample_bytree': 0.9, 'gamma': 1.0, 'learning_rate': 0.01, 'max_depth': 6, 'min_child_weight': 1}"
0.9631797076393838,0.003682983577262197,"{'colsample_bytree': 0.9, 'gamma': 1.0, 'learning_rate': 0.01, 'max_depth': 6, 'min_child_weight': 3}"
0.9626802020433081,0.003417670513044099,"{'colsample_bytree': 0.9, 'gamma': 1.0, 'learning_rate': 0.01, 'max_depth': 6, 'min_child_weight': 6}"
0.963393794558673,0.0037851178139069394,"{'colsample_bytree': 0.9, 'gamma': 1.0, 'learning_rate': 0.01, 'max_depth': 6, 'min_child_weight': 9}"
0.9628942125902661,0.0034272598120542548,"{'colsample_bytree': 0.9, 'gamma': 1.0, 'learning_rate': 0.01, 'max_depth': 8, 'min_child_weight': 1}"
0.9633937334608079,0.003062948810821371,"{'colsample_bytree': 0.9, 'gamma': 1.0, 'learning_rate': 0.01, 'max_depth': 8, 'min_child_weight': 3}"
0.9628229266561675,0.0034264873130064695,"{'colsample_bytree': 0.9, 'gamma': 1.0, 'learning_rate': 0.01, 'max_depth': 8, 'min_child_weight': 6}"
0.9633937792842068,0.0028127599442647638,"{'colsample_bytree': 0.9, 'gamma': 1.0, 'learning_rate': 0.01, 'max_depth': 8, 'min_child_weight': 9}"
0.9651775925534899,0.001425719603769975,"{'colsample_bytree': 0.9, 'gamma': 1.0, 'learning_rate': 0.1, 'max_depth': 3, 'min_child_weight': 1}"
0.9647494339893777,0.0021731609539145124,"{'colsample_bytree': 0.9, 'gamma': 1.0, 'learning_rate': 0.1, 'max_depth': 3, 'min_child_weight': 3}"
0.9651062302470601,0.001971475927004652,"{'colsample_bytree': 0.9, 'gamma': 1.0, 'learning_rate': 0.1, 'max_depth': 3, 'min_child_weight': 6}"
0.9649634750852681,0.0019198017239657349,"{'colsample_bytree': 0.9, 'gamma': 1.0, 'learning_rate': 0.1, 'max_depth': 3, 'min_child_weight': 9}"
0.9652489548599196,0.001926884822452061,"{'colsample_bytree': 0.9, 'gamma': 1.0, 'learning_rate': 0.1, 'max_depth': 4, 'min_child_weight': 1}"
0.9655343888111725,0.002149183339859225,"{'colsample_bytree': 0.9, 'gamma': 1.0, 'learning_rate': 0.1, 'max_depth': 4, 'min_child_weight': 3}"
0.9647494187149115,0.0015096932701040883,"{'colsample_bytree': 0.9, 'gamma': 1.0, 'learning_rate': 0.1, 'max_depth': 4, 'min_child_weight': 6}"
0.965534373536706,0.002448462001453441,"{'colsample_bytree': 0.9, 'gamma': 1.0, 'learning_rate': 0.1, 'max_depth': 4, 'min_child_weight': 9}"
0.9657484910049279,0.0007639671997115619,"{'colsample_bytree': 0.9, 'gamma': 1.0, 'learning_rate': 0.1, 'max_depth': 5, 'min_child_weight': 1}"
0.9654629501324113,0.0019360186572128322,"{'colsample_bytree': 0.9, 'gamma': 1.0, 'learning_rate': 0.1, 'max_depth': 5, 'min_child_weight': 3}"
0.9653202713429506,0.0019873913750290484,"{'colsample_bytree': 0.9, 'gamma': 1.0, 'learning_rate': 0.1, 'max_depth': 5, 'min_child_weight': 6}"
0.96517759255349,0.002348616672296961,"{'colsample_bytree': 0.9, 'gamma': 1.0, 'learning_rate': 0.1, 'max_depth': 5, 'min_child_weight': 9}"
0.9652489548599196,0.001769839297279039,"{'colsample_bytree': 0.9, 'gamma': 1.0, 'learning_rate': 0.1, 'max_depth': 6, 'min_child_weight': 1}"
0.9658911239709896,0.0019512314235151905,"{'colsample_bytree': 0.9, 'gamma': 1.0, 'learning_rate': 0.1, 'max_depth': 6, 'min_child_weight': 3}"
0.9664619765990289,0.001919698127817903,"{'colsample_bytree': 0.9, 'gamma': 1.0, 'learning_rate': 0.1, 'max_depth': 6, 'min_child_weight': 6}"
0.9655344346345712,0.0028135314072264463,"{'colsample_bytree': 0.9, 'gamma': 1.0, 'learning_rate': 0.1, 'max_depth': 6, 'min_child_weight': 9}"
0.9658197769390262,0.001887392962875039,"{'colsample_bytree': 0.9, 'gamma': 1.0, 'learning_rate': 0.1, 'max_depth': 8, 'min_child_weight': 1}"
0.9662478896797396,0.0018551994661846003,"{'colsample_bytree': 0.9, 'gamma': 1.0, 'learning_rate': 0.1, 'max_depth': 8, 'min_child_weight': 3}"
0.9648206893745437,0.002561685852038669,"{'colsample_bytree': 0.9, 'gamma': 1.0, 'learning_rate': 0.1, 'max_depth': 8, 'min_child_weight': 6}"
0.9649634445363356,0.002933761644887241,"{'colsample_bytree': 0.9, 'gamma': 1.0, 'learning_rate': 0.1, 'max_depth': 8, 'min_child_weight': 9}"
0.9653916183749142,0.002050601873880221,"{'colsample_bytree': 0.9, 'gamma': 1.0, 'learning_rate': 0.2, 'max_depth': 3, 'min_child_weight': 1}"
0.9658197922134925,0.001726484248230921,"{'colsample_bytree': 0.9, 'gamma': 1.0, 'learning_rate': 0.2, 'max_depth': 3, 'min_child_weight': 3}"
0.9661051803413464,0.002827413839756205,"{'colsample_bytree': 0.9, 'gamma': 1.0, 'learning_rate': 0.2, 'max_depth': 3, 'min_child_weight': 6}"
0.9651061844236614,0.0021501051267089817,"{'colsample_bytree': 0.9, 'gamma': 1.0, 'learning_rate': 0.2, 'max_depth': 3, 'min_child_weight': 9}"
0.9655343888111724,0.0018263787055338536,"{'colsample_bytree': 0.9, 'gamma': 1.0, 'learning_rate': 0.2, 'max_depth': 4, 'min_child_weight': 1}"
0.9667474410992142,0.0019191206156802876,"{'colsample_bytree': 0.9, 'gamma': 1.0, 'learning_rate': 0.2, 'max_depth': 4, 'min_child_weight': 3}"
0.9656771592474307,0.001413396329709636,"{'colsample_bytree': 0.9, 'gamma': 1.0, 'learning_rate': 0.2, 'max_depth': 4, 'min_child_weight': 6}"
0.9651775772790238,0.001870914784253216,"{'colsample_bytree': 0.9, 'gamma': 1.0, 'learning_rate': 0.2, 'max_depth': 4, 'min_child_weight': 9}"
0.9657484146325966,0.0017239038326939161,"{'colsample_bytree': 0.9, 'gamma': 1.0, 'learning_rate': 0.2, 'max_depth': 5, 'min_child_weight': 1}"
0.9653915878259816,0.0021385731667761024,"{'colsample_bytree': 0.9, 'gamma': 1.0, 'learning_rate': 0.2, 'max_depth': 5, 'min_child_weight': 3}"
0.9653203171663494,0.00214919098151247,"{'colsample_bytree': 0.9, 'gamma': 1.0, 'learning_rate': 0.2, 'max_depth': 5, 'min_child_weight': 6}"
0.9667474410992142,0.002387401334925105,"{'colsample_bytree': 0.9, 'gamma': 1.0, 'learning_rate': 0.2, 'max_depth': 5, 'min_child_weight': 9}"
0.9646780564084817,0.001226965387463149,"{'colsample_bytree': 0.9, 'gamma': 1.0, 'learning_rate': 0.2, 'max_depth': 6, 'min_child_weight': 1}"
0.9658911697943885,0.0019268575561289707,"{'colsample_bytree': 0.9, 'gamma': 1.0, 'learning_rate': 0.2, 'max_depth': 6, 'min_child_weight': 3}"
0.9658198380368913,0.0019184874736654968,"{'colsample_bytree': 0.9, 'gamma': 1.0, 'learning_rate': 0.2, 'max_depth': 6, 'min_child_weight': 6}"
0.9643212601507992,0.0020506711526351814,"{'colsample_bytree': 0.9, 'gamma': 1.0, 'learning_rate': 0.2, 'max_depth': 6, 'min_child_weight': 9}"
0.9660338333093829,0.0017963915085926036,"{'colsample_bytree': 0.9, 'gamma': 1.0, 'learning_rate': 0.2, 'max_depth': 8, 'min_child_weight': 1}"
0.9654630112302764,0.0014888286083756803,"{'colsample_bytree': 0.9, 'gamma': 1.0, 'learning_rate': 0.2, 'max_depth': 8, 'min_child_weight': 3}"
0.9662478438563409,0.002277297056399609,"{'colsample_bytree': 0.9, 'gamma': 1.0, 'learning_rate': 0.2, 'max_depth': 8, 'min_child_weight': 6}"
0.9648921127788385,0.002287820035471262,"{'colsample_bytree': 0.9, 'gamma': 1.0, 'learning_rate': 0.2, 'max_depth': 8, 'min_child_weight': 9}"
